company_id,company_name,year,year_numeric,operating_activity,investing_activity,financing_activity,net_cash_flow,sales,operating_profit,net_profit,free_cash_flow_cr,cfo_quality_score,cfo_quality_label,capex_intensity_pct,capex_intensity_label,fcf_conversion_rate_pct,cfo_sign,cfi_sign,cff_sign,capital_allocation_pattern,negative_fcf_3yr_flag,negative_cfo_flag,financing_dependence_flag,capital_allocation_distress_flag,distress_flag,cashflow_health_score,cashflow_health_label
ABB,Abbott India Ltd,Dec 2012,2012,101.0,-59.0,-42.0,1.0,1653.0,202.0,145.0,42.0,0.696551724137931,Moderate,3.569267997580157,Moderate,20.792079207920793,+,-,-,Reinvestor,False,False,False,False,False,85,Strong
ABB,Abbott India Ltd,Mar 2014,2014,155.0,-144.0,-42.0,-31.0,2276.0,267.0,198.0,11.0,0.7828282828282829,Moderate,6.32688927943761,Moderate,4.119850187265917,+,-,-,Reinvestor,False,False,False,False,False,85,Strong
ABB,Abbott India Ltd,Mar 2015,2015,215.0,-187.0,-58.0,-30.0,2289.0,312.0,229.0,28.0,0.9388646288209607,Moderate,8.169506334643948,Capital Intensive,8.974358974358974,+,-,-,Reinvestor,False,False,False,False,False,85,Strong
ABB,Abbott India Ltd,Mar 2016,2016,249.0,-77.0,-80.0,91.0,2614.0,365.0,255.0,172.0,0.9764705882352941,Moderate,2.9456771231828616,Asset Light,47.12328767123288,+,-,-,Reinvestor,False,False,False,False,False,85,Strong
ABB,Abbott India Ltd,Mar 2017,2017,307.0,-155.0,-90.0,62.0,2903.0,398.0,277.0,152.0,1.108303249097473,High Quality,5.339304168101963,Moderate,38.19095477386934,+,-,-,Shareholder Returns,False,False,False,False,False,95,Strong
ABB,Abbott India Ltd,Mar 2018,2018,153.0,-215.0,-102.0,-165.0,3298.0,525.0,401.0,-62.0,0.38154613466334164,Accrual Risk,6.519102486355368,Moderate,-11.80952380952381,+,-,-,Reinvestor,False,False,False,False,False,25,Distress
ABB,Abbott India Ltd,Mar 2019,2019,499.0,-257.0,-143.0,99.0,3679.0,605.0,450.0,242.0,1.1088888888888888,High Quality,6.985593911388964,Moderate,40.0,+,-,-,Shareholder Returns,False,False,False,False,False,95,Strong
ABB,Abbott India Ltd,Mar 2020,2020,626.0,-401.0,-217.0,8.0,4093.0,757.0,593.0,225.0,1.0556492411467115,High Quality,9.79721475690203,Capital Intensive,29.722589167767506,+,-,-,Shareholder Returns,False,False,False,False,False,95,Strong
ABB,Abbott India Ltd,Mar 2021,2021,727.0,-72.0,-582.0,73.0,4310.0,922.0,691.0,655.0,1.0520984081041969,High Quality,1.6705336426914155,Asset Light,71.04121475054231,+,-,-,Shareholder Returns,False,False,False,False,False,95,Strong
ABB,Abbott India Ltd,Mar 2022,2022,948.0,-396.0,-637.0,-86.0,4913.0,1082.0,799.0,552.0,1.1864831038798498,High Quality,8.0602483207816,Capital Intensive,51.01663585951941,+,-,-,Shareholder Returns,False,False,False,False,False,95,Strong
ABB,Abbott India Ltd,Mar 2023,2023,893.0,-148.0,-639.0,107.0,5349.0,1206.0,949.0,745.0,0.9409905163329821,Moderate,2.766872312581791,Asset Light,61.77446102819238,+,-,-,Reinvestor,False,False,False,False,False,85,Strong
ABB,Abbott India Ltd,Mar 2024,2024,1213.0,-416.0,-745.0,52.0,5849.0,1453.0,1201.0,797.0,1.009991673605329,High Quality,7.112326893486067,Moderate,54.852030282174816,+,-,-,Shareholder Returns,False,False,False,False,False,95,Strong
ADANIENSOL,Adani Energy Solutions Ltd,Mar 2014,2014,0.0,0.0,0.0,0.0,0.0,0.0,0.0,0.0,,NOT_AVAILABLE,,NOT_AVAILABLE,,0,0,0,Other,False,False,False,False,False,50,Watch
ADANIENSOL,Adani Energy Solutions Ltd,Mar 2015,2015,-35.0,-1864.0,1902.0,3.0,131.0,101.0,-7.0,-1899.0,5.0,High Quality,1422.9007633587787,Capital Intensive,-1880.19801980198,-,-,+,Growth Funded by Debt,False,True,True,True,True,30,Distress
ADANIENSOL,Adani Energy Solutions Ltd,Mar 2016,2016,1544.0,-816.0,-722.0,6.0,2194.0,1927.0,368.0,728.0,4.195652173913044,High Quality,37.192342752962624,Capital Intensive,37.77893098079917,+,-,-,Shareholder Returns,False,False,False,False,False,95,Strong
ADANIENSOL,Adani Energy Solutions Ltd,Mar 2017,2017,2189.0,-1730.0,-455.0,4.0,2876.0,1983.0,416.0,459.0,5.262019230769231,High Quality,60.15299026425591,Capital Intensive,23.14674735249622,+,-,-,Shareholder Returns,False,False,False,False,False,95,Strong
ADANIENSOL,Adani Energy Solutions Ltd,Mar 2018,2018,2198.0,-3192.0,1589.0,596.0,3944.0,2826.0,1143.0,-994.0,1.9230096237970253,High Quality,80.93306288032454,Capital Intensive,-35.17338995046001,+,-,+,Mixed,False,False,False,False,False,55,Watch
ADANIENSOL,Adani Energy Solutions Ltd,Mar 2019,2019,2591.0,-3050.0,38.0,-421.0,7305.0,2778.0,559.0,-459.0,4.635062611806798,High Quality,41.752224503764545,Capital Intensive,-16.52267818574514,+,-,+,Mixed,False,False,False,False,False,55,Watch
ADANIENSOL,Adani Energy Solutions Ltd,Mar 2020,2020,5437.0,-5643.0,1250.0,1045.0,11416.0,4258.0,706.0,-206.0,7.701133144475921,High Quality,49.43062368605466,Capital Intensive,-4.837952090183185,+,-,+,Mixed,True,False,False,False,True,35,Distress
ADANIENSOL,Adani Energy Solutions Ltd,Mar 2021,2021,3784.0,-4009.0,-745.0,-969.0,9926.0,3950.0,1290.0,-225.0,2.933333333333333,High Quality,40.38887769494258,Capital Intensive,-5.69620253164557,+,-,-,Shareholder Returns,True,False,False,False,True,45,Watch
ADANIENSOL,Adani Energy Solutions Ltd,Mar 2022,2022,4097.0,-3936.0,-235.0,-75.0,11258.0,4206.0,1236.0,161.0,3.3147249190938513,High Quality,34.96180493871025,Capital Intensive,3.8278649548264383,+,-,-,Shareholder Returns,False,False,False,False,False,95,Strong
ADANIENSOL,Adani Energy Solutions Ltd,Mar 2023,2023,3777.0,-4699.0,923.0,2.0,13293.0,4518.0,1281.0,-922.0,2.9484777517564402,High Quality,35.34943203189649,Capital Intensive,-20.407259849490924,+,-,+,Mixed,False,False,False,False,False,55,Watch
ADANIENSOL,Adani Energy Solutions Ltd,Mar 2024,2024,6038.0,-4943.0,-543.0,551.0,16607.0,5711.0,1196.0,1095.0,5.048494983277592,High Quality,29.764557114469802,Capital Intensive,19.17352477674663,+,-,-,Shareholder Returns,False,False,False,False,False,95,Strong
ADANIENT,Adani Enterprises Ltd,Mar 2013,2013,7666.0,-14790.0,7199.0,75.0,46375.0,6021.0,1218.0,-7124.0,6.293924466338259,High Quality,31.892183288409704,Capital Intensive,-118.31921607706361,+,-,+,Mixed,False,False,False,False,False,55,Watch
ADANIENT,Adani Enterprises Ltd,Mar 2014,2014,8228.0,-8007.0,-1109.0,-888.0,54947.0,9383.0,2646.0,221.0,3.109599395313681,High Quality,14.572224143265327,Capital Intensive,2.3553234573164232,+,-,-,Shareholder Returns,False,False,False,False,False,95,Strong
ADANIENT,Adani Enterprises Ltd,Mar 2015,2015,8532.0,-11465.0,3445.0,512.0,64465.0,12450.0,2298.0,-2933.0,3.7127937336814623,High Quality,17.784844489257736,Capital Intensive,-23.55823293172691,+,-,+,Mixed,False,False,False,False,False,55,Watch
ADANIENT,Adani Enterprises Ltd,Mar 2016,2016,5112.0,-1825.0,-3448.0,-161.0,34008.0,1684.0,1000.0,3287.0,5.112,High Quality,5.366384380145848,Moderate,195.19002375296913,+,-,-,Shareholder Returns,False,False,False,False,False,95,Strong
ADANIENT,Adani Enterprises Ltd,Mar 2017,2017,774.0,-1460.0,716.0,30.0,36533.0,1902.0,925.0,-686.0,0.8367567567567568,Moderate,3.996386828346974,Moderate,-36.067297581493165,+,-,+,Mixed,False,False,False,False,False,45,Watch
ADANIENT,Adani Enterprises Ltd,Mar 2018,2018,2942.0,-7649.0,5120.0,413.0,35924.0,2038.0,594.0,-4707.0,4.952861952861953,High Quality,21.2921723638793,Capital Intensive,-230.96172718351323,+,-,+,Mixed,False,False,False,False,False,55,Watch
ADANIENT,Adani Enterprises Ltd,Mar 2019,2019,3236.0,2487.0,-6158.0,-436.0,40379.0,1969.0,506.0,5723.0,6.395256916996048,High Quality,6.159142128334035,Moderate,290.655154900965,+,+,-,Liquidating Assets,False,False,False,False,False,85,Strong
ADANIENT,Adani Enterprises Ltd,Mar 2020,2020,2454.0,-1082.0,-221.0,1151.0,43403.0,2294.0,1040.0,1372.0,2.3596153846153847,High Quality,2.4929152362739906,Asset Light,59.80819529206626,+,-,-,Shareholder Returns,False,False,False,False,False,95,Strong
ADANIENT,Adani Enterprises Ltd,Mar 2021,2021,4043.0,-8611.0,3109.0,-1459.0,39537.0,2506.0,1046.0,-4568.0,3.8652007648183555,High Quality,21.77959885676708,Capital Intensive,-182.28252194732642,+,-,+,Mixed,False,False,False,False,False,55,Watch
ADANIENT,Adani Enterprises Ltd,Mar 2022,2022,1385.0,-17041.0,15901.0,246.0,69420.0,3714.0,788.0,-15656.0,1.7576142131979695,High Quality,24.54768078363584,Capital Intensive,-421.5401184706516,+,-,+,Mixed,False,False,False,False,False,55,Watch
ADANIENT,Adani Enterprises Ltd,Mar 2023,2023,17626.0,-15459.0,-1198.0,970.0,127540.0,8818.0,2422.0,2167.0,7.277456647398844,High Quality,12.120903246040458,Capital Intensive,24.574733499659786,+,-,-,Shareholder Returns,False,False,False,False,False,95,Strong
ADANIENT,Adani Enterprises Ltd,Mar 2024,2024,10312.0,-18767.0,8879.0,424.0,96421.0,11377.0,3335.0,-8455.0,3.0920539730134933,High Quality,19.463602327293845,Capital Intensive,-74.31660367407929,+,-,+,Mixed,False,False,False,False,False,55,Watch
ADANIGREEN,Adani Green Energy Ltd,Mar 2017,2017,28.0,-1511.0,1559.0,76.0,502.0,403.0,-47.0,-1483.0,-0.5957446808510638,Accrual Risk,300.996015936255,Capital Intensive,-367.99007444168734,+,-,+,Mixed,False,False,False,False,False,15,Distress
ADANIGREEN,Adani Green Energy Ltd,Mar 2018,2018,649.0,-4428.0,3942.0,162.0,1480.0,843.0,-138.0,-3779.0,-4.702898550724638,Accrual Risk,299.18918918918916,Capital Intensive,-448.2799525504152,+,-,+,Mixed,False,False,False,False,False,15,Distress
ADANIGREEN,Adani Green Energy Ltd,Mar 2019,2019,1625.0,-2666.0,1045.0,3.0,2058.0,1526.0,-475.0,-1041.0,-3.4210526315789473,Accrual Risk,129.54324586977648,Capital Intensive,-68.2175622542595,+,-,+,Mixed,True,False,False,False,True,0,Distress
ADANIGREEN,Adani Green Energy Ltd,Mar 2020,2020,1965.0,-3743.0,2161.0,383.0,2549.0,1450.0,-68.0,-1778.0,-28.897058823529413,Accrual Risk,146.8418987838368,Capital Intensive,-122.62068965517241,+,-,+,Mixed,True,False,False,False,True,0,Distress
ADANIGREEN,Adani Green Energy Ltd,Mar 2021,2021,1601.0,-9137.0,7083.0,-453.0,3124.0,2241.0,182.0,-7536.0,8.796703296703297,High Quality,292.4775928297055,Capital Intensive,-336.27844712182065,+,-,+,Mixed,True,False,False,False,True,35,Distress
ADANIGREEN,Adani Green Energy Ltd,Mar 2022,2022,3127.0,-18730.0,15986.0,383.0,5133.0,3512.0,489.0,-15603.0,6.394683026584867,High Quality,364.89382427430354,Capital Intensive,-444.2767653758542,+,-,+,Mixed,True,False,False,False,True,35,Distress
ADANIGREEN,Adani Green Energy Ltd,Mar 2023,2023,7265.0,-3857.0,-2973.0,435.0,7776.0,4970.0,973.0,3408.0,7.466598150051388,High Quality,49.60133744855967,Capital Intensive,68.57142857142857,+,-,-,Shareholder Returns,False,False,False,False,False,95,Strong
ADANIGREEN,Adani Green Energy Ltd,Mar 2024,2024,7713.0,-21060.0,13953.0,606.0,9220.0,7318.0,1260.0,-13347.0,6.121428571428571,High Quality,228.4164859002169,Capital Intensive,-182.3858977862804,+,-,+,Mixed,False,False,False,False,False,55,Watch
ADANIPORTS,Adani Ports & Special Economic Zone Ltd,Mar 2013,2013,1379.0,-5136.0,4138.0,381.0,3577.0,2382.0,1639.0,-3757.0,0.8413666870042709,Moderate,143.58400894604418,Capital Intensive,-157.7246011754828,+,-,+,Mixed,False,False,False,False,False,45,Watch
ADANIPORTS,Adani Ports & Special Economic Zone Ltd,Mar 2014,2014,1132.0,-2510.0,772.0,-606.0,4830.0,2919.0,1741.0,-1378.0,0.6502010338885698,Moderate,51.96687370600414,Capital Intensive,-47.20794792737239,+,-,+,Mixed,False,False,False,False,False,45,Watch
ADANIPORTS,Adani Ports & Special Economic Zone Ltd,Mar 2015,2015,3057.0,-2485.0,-237.0,335.0,6152.0,3902.0,2324.0,572.0,1.3154044750430292,High Quality,40.39336801040312,Capital Intensive,14.659149154279858,+,-,-,Shareholder Returns,False,False,False,False,False,95,Strong
ADANIPORTS,Adani Ports & Special Economic Zone Ltd,Mar 2016,2016,2381.0,-4153.0,2170.0,398.0,7109.0,4577.0,2856.0,-1772.0,0.8336834733893558,Moderate,58.418905612603744,Capital Intensive,-38.71531570897968,+,-,+,Mixed,False,False,False,False,False,45,Watch
ADANIPORTS,Adani Ports & Special Economic Zone Ltd,Mar 2017,2017,4063.0,-2629.0,-1325.0,109.0,8439.0,5418.0,3902.0,1434.0,1.0412608918503332,High Quality,31.152980210925463,Capital Intensive,26.46733111849391,+,-,-,Shareholder Returns,False,False,False,False,False,95,Strong
ADANIPORTS,Adani Ports & Special Economic Zone Ltd,Mar 2018,2018,5608.0,-3846.0,-1889.0,-127.0,11323.0,7157.0,3690.0,1762.0,1.5197831978319782,High Quality,33.966263357767374,Capital Intensive,24.6192538773229,+,-,-,Shareholder Returns,False,False,False,False,False,95,Strong
ADANIPORTS,Adani Ports & Special Economic Zone Ltd,Mar 2019,2019,6029.0,-4368.0,2313.0,3975.0,10925.0,6596.0,4045.0,1661.0,1.4904820766378244,High Quality,39.98169336384439,Capital Intensive,25.181928441479684,+,-,+,Mixed,False,False,False,False,False,85,Strong
ADANIPORTS,Adani Ports & Special Economic Zone Ltd,Mar 2020,2020,7402.0,-749.0,-4256.0,2397.0,11873.0,5947.0,3785.0,6653.0,1.9556142668428005,High Quality,6.308430893624189,Moderate,111.87153186480579,+,-,-,Shareholder Returns,False,False,False,False,False,95,Strong
ADANIPORTS,Adani Ports & Special Economic Zone Ltd,Mar 2021,2021,7556.0,-14064.0,3514.0,-2994.0,12550.0,8688.0,5049.0,-6508.0,1.4965339671222024,High Quality,112.06374501992032,Capital Intensive,-74.90791896869244,+,-,+,Mixed,False,False,False,False,False,55,Watch
ADANIPORTS,Adani Ports & Special Economic Zone Ltd,Mar 2022,2022,10420.0,-5493.0,-586.0,4341.0,17119.0,9528.0,4953.0,4927.0,2.103775489602261,High Quality,32.087154623517726,Capital Intensive,51.710747271200674,+,-,-,Shareholder Returns,False,False,False,False,False,95,Strong
ADANIPORTS,Adani Ports & Special Economic Zone Ltd,Mar 2023,2023,11900.0,-16716.0,-2734.0,-7550.0,20852.0,10947.0,5391.0,-4816.0,2.2073826748284175,High Quality,80.1649721849223,Capital Intensive,-43.99378825248927,+,-,-,Shareholder Returns,False,False,False,False,False,65,Healthy
ADANIPORTS,Adani Ports & Special Economic Zone Ltd,Mar 2024,2024,15018.0,-6768.0,-7800.0,450.0,26711.0,15589.0,8104.0,8250.0,1.8531589338598222,High Quality,25.337875781513237,Capital Intensive,52.92193213163128,+,-,-,Shareholder Returns,False,False,False,False,False,95,Strong
ADANIPOWER,Adani Power Ltd,Mar 2013,2013,3001.0,-4064.0,861.0,-203.0,6692.0,960.0,-2295.0,-1063.0,-1.3076252723311548,Accrual Risk,60.72922893006575,Capital Intensive,-110.72916666666666,+,-,+,Mixed,False,False,False,False,False,15,Distress
ADANIPOWER,Adani Power Ltd,Mar 2014,2014,3238.0,-4700.0,1631.0,169.0,15328.0,4593.0,-291.0,-1462.0,-11.127147766323024,Accrual Risk,30.66283924843424,Capital Intensive,-31.83104724580884,+,-,+,Mixed,False,False,False,False,False,15,Distress
ADANIPOWER,Adani Power Ltd,Mar 2015,2015,5824.0,-4737.0,-1144.0,-58.0,18683.0,4678.0,-816.0,1087.0,-7.137254901960785,Accrual Risk,25.354600438901677,Capital Intensive,23.236425823001284,+,-,-,Reinvestor,False,False,False,False,False,55,Watch
ADANIPOWER,Adani Power Ltd,Mar 2016,2016,5257.0,-2692.0,-2713.0,-148.0,25377.0,8802.0,551.0,2565.0,9.540834845735027,High Quality,10.60803089411672,Capital Intensive,29.141104294478527,+,-,-,Shareholder Returns,False,False,False,False,False,95,Strong
ADANIPOWER,Adani Power Ltd,Mar 2017,2017,4725.0,-1212.0,-3539.0,-26.0,22616.0,5980.0,-6174.0,3513.0,-0.7653061224489796,Accrual Risk,5.359037849310223,Moderate,58.745819397993316,+,-,-,Reinvestor,False,False,False,False,False,55,Watch
ADANIPOWER,Adani Power Ltd,Mar 2018,2018,5101.0,-520.0,-4600.0,-19.0,20304.0,5436.0,-2103.0,4581.0,-2.425582501188778,Accrual Risk,2.56107171000788,Asset Light,84.27152317880795,+,-,-,Reinvestor,False,False,False,False,False,55,Watch
ADANIPOWER,Adani Power Ltd,Mar 2019,2019,5610.0,-984.0,-4663.0,-37.0,23884.0,4983.0,-984.0,4626.0,-5.701219512195122,Accrual Risk,4.119912912409982,Moderate,92.83564118001205,+,-,-,Reinvestor,False,False,False,False,False,55,Watch
ADANIPOWER,Adani Power Ltd,Mar 2020,2020,5598.0,-2304.0,-2377.0,917.0,26468.0,5734.0,-2275.0,3294.0,-2.4606593406593404,Accrual Risk,8.704851141000454,Capital Intensive,57.446808510638306,+,-,-,Reinvestor,False,False,False,False,False,55,Watch
ADANIPOWER,Adani Power Ltd,Mar 2021,2021,7014.0,-2188.0,-5655.0,-828.0,26221.0,8688.0,1270.0,4826.0,5.522834645669291,High Quality,8.344456733152816,Capital Intensive,55.547882136279924,+,-,-,Shareholder Returns,False,False,False,False,False,95,Strong
ADANIPOWER,Adani Power Ltd,Mar 2022,2022,10233.0,774.0,-10338.0,669.0,27711.0,9881.0,4912.0,11007.0,2.0832654723127035,High Quality,2.793114647612861,Asset Light,111.39560773201094,+,+,-,Liquidating Assets,False,False,False,False,False,85,Strong
ADANIPOWER,Adani Power Ltd,Mar 2023,2023,8431.0,1545.0,-10408.0,-433.0,38773.0,10096.0,10727.0,9976.0,0.7859606600167801,Moderate,3.984731643153741,Moderate,98.81141045958796,+,+,-,Liquidating Assets,False,False,False,False,False,75,Healthy
ADANIPOWER,Adani Power Ltd,Mar 2024,2024,14170.0,3481.0,-16864.0,787.0,50351.0,18228.0,20829.0,17651.0,0.6803015027125642,Moderate,6.9134674584417395,Moderate,96.83454026771999,+,+,-,Liquidating Assets,False,False,False,False,False,75,Healthy
AMBUJACEM,Ambuja Cements Ltd,Dec 2012,2012,1860.0,-388.0,-509.0,962.0,9749.0,2473.0,1292.0,1472.0,1.4396284829721362,High Quality,3.979895373884501,Moderate,59.522846744844315,+,-,-,Shareholder Returns,False,False,False,False,False,95,Strong
AMBUJACEM,Ambuja Cements Ltd,Dec 2013,2013,1267.0,-496.0,-672.0,99.0,9161.0,1669.0,1278.0,771.0,0.9913928012519562,Moderate,5.414256085580177,Moderate,46.19532654284003,+,-,-,Reinvestor,False,False,False,False,False,85,Strong
AMBUJACEM,Ambuja Cements Ltd,Dec 2014,2014,1675.0,-456.0,-721.0,498.0,9955.0,1934.0,1487.0,1219.0,1.1264290517821116,High Quality,4.580612757408337,Moderate,63.02998965873836,+,-,-,Shareholder Returns,False,False,False,False,False,95,Strong
AMBUJACEM,Ambuja Cements Ltd,Dec 2015,2015,1557.0,-83.0,-900.0,574.0,9437.0,1542.0,808.0,1474.0,1.926980198019802,High Quality,0.8795167955918195,Asset Light,95.59014267185474,+,-,-,Shareholder Returns,False,False,False,False,False,95,Strong
AMBUJACEM,Ambuja Cements Ltd,Dec 2016,2016,2810.0,-4165.0,-958.0,-2312.0,20094.0,3181.0,1434.0,-1355.0,1.9595536959553697,High Quality,20.727580372250422,Capital Intensive,-42.59666771455517,+,-,-,Shareholder Returns,False,False,False,False,False,65,Healthy
AMBUJACEM,Ambuja Cements Ltd,Dec 2017,2017,3416.0,-738.0,-1015.0,1663.0,23609.0,3858.0,1945.0,2678.0,1.7562982005141388,High Quality,3.125926553433013,Moderate,69.4142042509072,+,-,-,Shareholder Returns,False,False,False,False,False,95,Strong
AMBUJACEM,Ambuja Cements Ltd,Dec 2018,2018,1703.0,-765.0,-719.0,220.0,26041.0,4011.0,2973.0,938.0,0.5728220652539522,Moderate,2.9376752044852346,Asset Light,23.38568935427574,+,-,-,Reinvestor,False,False,False,False,False,85,Strong
AMBUJACEM,Ambuja Cements Ltd,Dec 2019,2019,4739.0,-1191.0,-629.0,2919.0,27104.0,4597.0,2783.0,3548.0,1.7028386633129715,High Quality,4.394185360094451,Moderate,77.18077006743529,+,-,-,Shareholder Returns,False,False,False,False,False,95,Strong
AMBUJACEM,Ambuja Cements Ltd,Dec 2020,2020,4832.0,-1317.0,-3956.0,-441.0,24516.0,5006.0,3107.0,3515.0,1.5551979401351785,High Quality,5.3720019579050415,Moderate,70.2157411106672,+,-,-,Shareholder Returns,False,False,False,False,False,95,Strong
AMBUJACEM,Ambuja Cements Ltd,Dec 2021,2021,5309.0,-2007.0,-516.0,2786.0,28965.0,6210.0,3711.0,3302.0,1.4306116949609269,High Quality,6.929052304505437,Moderate,53.17230273752013,+,-,-,Shareholder Returns,False,False,False,False,False,95,Strong
AMBUJACEM,Ambuja Cements Ltd,Mar 2023,2023,735.0,-14481.0,2931.0,-10815.0,38937.0,5122.0,3024.0,-13746.0,0.24305555555555555,Accrual Risk,37.19084675244626,Capital Intensive,-268.3717297930496,+,-,+,Mixed,False,False,False,False,False,15,Distress
AMBUJACEM,Ambuja Cements Ltd,Mar 2024,2024,5646.0,-8941.0,5689.0,2394.0,33160.0,6400.0,4738.0,-3295.0,1.1916420430561419,High Quality,26.963208685162847,Capital Intensive,-51.48437500000001,+,-,+,Mixed,False,False,False,False,False,55,Watch
APOLLOHOSP,"Apollo Hospitals
Chain of Indian private hospitals",Mar 2013,2013,443.0,-733.0,373.0,83.0,3769.0,612.0,303.0,-290.0,1.462046204620462,High Quality,19.44812947731494,Capital Intensive,-47.385620915032675,+,-,+,Mixed,False,False,False,False,False,55,Watch
APOLLOHOSP,"Apollo Hospitals
Chain of Indian private hospitals",Mar 2014,2014,373.0,-356.0,-63.0,-46.0,4357.0,676.0,315.0,17.0,1.1841269841269841,High Quality,8.170759697039246,Capital Intensive,2.514792899408284,+,-,-,Shareholder Returns,False,False,False,False,False,95,Strong
APOLLOHOSP,"Apollo Hospitals
Chain of Indian private hospitals",Mar 2015,2015,470.0,-759.0,392.0,103.0,5129.0,737.0,335.0,-289.0,1.4029850746268657,High Quality,14.798206278026907,Capital Intensive,-39.21302578018996,+,-,+,Mixed,False,False,False,False,False,55,Watch
APOLLOHOSP,"Apollo Hospitals
Chain of Indian private hospitals",Mar 2016,2016,597.0,-888.0,330.0,39.0,6150.0,684.0,235.0,-291.0,2.5404255319148934,High Quality,14.439024390243901,Capital Intensive,-42.54385964912281,+,-,+,Mixed,False,False,False,False,False,55,Watch
APOLLOHOSP,"Apollo Hospitals
Chain of Indian private hospitals",Mar 2017,2017,623.0,-1152.0,477.0,-52.0,7256.0,734.0,131.0,-529.0,4.755725190839694,High Quality,15.87651598676957,Capital Intensive,-72.0708446866485,+,-,+,Mixed,True,False,False,False,True,35,Distress
APOLLOHOSP,"Apollo Hospitals
Chain of Indian private hospitals",Mar 2018,2018,537.0,-405.0,-108.0,24.0,8243.0,801.0,60.0,132.0,8.95,High Quality,4.91325973553318,Moderate,16.479400749063668,+,-,-,Shareholder Returns,False,False,False,False,False,95,Strong
APOLLOHOSP,"Apollo Hospitals
Chain of Indian private hospitals",Mar 2019,2019,905.0,-711.0,-215.0,-20.0,9617.0,1070.0,200.0,194.0,4.525,High Quality,7.393157949464491,Moderate,18.13084112149533,+,-,-,Shareholder Returns,False,False,False,False,False,95,Strong
APOLLOHOSP,"Apollo Hospitals
Chain of Indian private hospitals",Mar 2020,2020,1293.0,-289.0,-910.0,94.0,11247.0,1591.0,432.0,1004.0,2.9930555555555554,High Quality,2.569574108651196,Asset Light,63.10496543054682,+,-,-,Shareholder Returns,False,False,False,False,False,95,Strong
APOLLOHOSP,"Apollo Hospitals
Chain of Indian private hospitals",Mar 2021,2021,1265.0,-880.0,-340.0,44.0,10560.0,1140.0,137.0,385.0,9.233576642335766,High Quality,8.333333333333332,Capital Intensive,33.771929824561404,+,-,-,Shareholder Returns,False,False,False,False,False,95,Strong
APOLLOHOSP,"Apollo Hospitals
Chain of Indian private hospitals",Mar 2022,2022,1696.0,-747.0,-792.0,158.0,14663.0,2189.0,1108.0,949.0,1.5306859205776173,High Quality,5.094455432039828,Moderate,43.35312928277752,+,-,-,Shareholder Returns,False,False,False,False,False,95,Strong
APOLLOHOSP,"Apollo Hospitals
Chain of Indian private hospitals",Mar 2023,2023,1377.0,-857.0,-633.0,-113.0,16612.0,2065.0,844.0,520.0,1.6315165876777251,High Quality,5.158921261738502,Moderate,25.181598062954,+,-,-,Shareholder Returns,False,False,False,False,False,95,Strong
APOLLOHOSP,"Apollo Hospitals
Chain of Indian private hospitals",Mar 2024,2024,1920.0,-1537.0,-311.0,72.0,19059.0,2394.0,935.0,383.0,2.053475935828877,High Quality,8.064431502177449,Capital Intensive,15.998329156223893,+,-,-,Shareholder Returns,False,False,False,False,False,95,Strong
ASIANPAINT,"Asian Paints
Indian Multi-National Paint and Coating Manufacturing Company",Mar 2013,2013,1187.0,-463.0,-601.0,123.0,10504.0,1737.0,1160.0,724.0,1.0232758620689655,High Quality,4.407844630616908,Moderate,41.681059297639614,+,-,-,Shareholder Returns,False,False,False,False,False,95,Strong
ASIANPAINT,"Asian Paints
Indian Multi-National Paint and Coating Manufacturing Company",Mar 2014,2014,1402.0,-586.0,-626.0,190.0,12220.0,2004.0,1263.0,816.0,1.110055423594616,High Quality,4.795417348608838,Moderate,40.7185628742515,+,-,-,Shareholder Returns,False,False,False,False,False,95,Strong
ASIANPAINT,"Asian Paints
Indian Multi-National Paint and Coating Manufacturing Company",Mar 2015,2015,1188.0,-465.0,-576.0,147.0,13615.0,2243.0,1427.0,723.0,0.8325157673440785,Moderate,3.4153507161219245,Moderate,32.23361569326795,+,-,-,Reinvestor,False,False,False,False,False,85,Strong
ASIANPAINT,"Asian Paints
Indian Multi-National Paint and Coating Manufacturing Company",Mar 2016,2016,2243.0,-866.0,-849.0,528.0,14271.0,2725.0,1803.0,1377.0,1.2440377149195785,High Quality,6.068250297806741,Moderate,50.53211009174312,+,-,-,Shareholder Returns,False,False,False,False,False,95,Strong
ASIANPAINT,"Asian Paints
Indian Multi-National Paint and Coating Manufacturing Company",Mar 2017,2017,1527.0,-681.0,-756.0,90.0,15062.0,2994.0,2016.0,846.0,0.7574404761904762,Moderate,4.521311910768822,Moderate,28.256513026052104,+,-,-,Reinvestor,False,False,False,False,False,85,Strong
ASIANPAINT,"Asian Paints
Indian Multi-National Paint and Coating Manufacturing Company",Mar 2018,2018,2113.0,-1556.0,-1379.0,-822.0,16825.0,3204.0,2098.0,557.0,1.0071496663489037,High Quality,9.248142644873699,Capital Intensive,17.384519350811487,+,-,-,Shareholder Returns,False,False,False,False,False,95,Strong
ASIANPAINT,"Asian Paints
Indian Multi-National Paint and Coating Manufacturing Company",Mar 2019,2019,2470.0,-918.0,-1117.0,434.0,19240.0,3765.0,2208.0,1552.0,1.118659420289855,High Quality,4.771309771309771,Moderate,41.221779548472774,+,-,-,Shareholder Returns,False,False,False,False,False,95,Strong
ASIANPAINT,"Asian Paints
Indian Multi-National Paint and Coating Manufacturing Company",Mar 2020,2020,3038.0,-518.0,-2871.0,-351.0,20211.0,4157.0,2774.0,2520.0,1.0951694304253785,High Quality,2.5629607639404286,Asset Light,60.62063988453211,+,-,-,Shareholder Returns,False,False,False,False,False,95,Strong
ASIANPAINT,"Asian Paints
Indian Multi-National Paint and Coating Manufacturing Company",Mar 2021,2021,3683.0,-541.0,-650.0,2492.0,21713.0,4856.0,3207.0,3142.0,1.1484253196133458,High Quality,2.491594897066274,Asset Light,64.70345963756178,+,-,-,Shareholder Returns,False,False,False,False,False,95,Strong
ASIANPAINT,"Asian Paints
Indian Multi-National Paint and Coating Manufacturing Company",Mar 2022,2022,986.0,-317.0,-1808.0,-1138.0,29101.0,4804.0,3085.0,669.0,0.3196110210696921,Accrual Risk,1.089309645716642,Asset Light,13.925895087427145,+,-,-,Reinvestor,False,False,False,False,False,55,Watch
ASIANPAINT,"Asian Paints
Indian Multi-National Paint and Coating Manufacturing Company",Mar 2023,2023,4193.0,-1282.0,-2140.0,771.0,34489.0,6260.0,4195.0,2911.0,0.999523241954708,Moderate,3.7171271999768045,Moderate,46.501597444089455,+,-,-,Reinvestor,False,False,False,False,False,85,Strong
ASIANPAINT,"Asian Paints
Indian Multi-National Paint and Coating Manufacturing Company",Mar 2024,2024,6104.0,-2548.0,-2982.0,573.0,35495.0,7585.0,5558.0,3556.0,1.0982367758186398,High Quality,7.17847584166784,Moderate,46.88200395517469,+,-,-,Shareholder Returns,False,False,False,False,False,95,Strong
AXISBANK,Axis Bank Ltd,Mar 2013,2013,2573.0,-10939.0,14931.0,6566.0,27183.0,8313.0,5179.0,-8366.0,0.4968140567677158,Accrual Risk,40.2420630541147,Capital Intensive,-100.63755563575123,+,-,+,Mixed,False,False,False,False,False,15,Distress
AXISBANK,Axis Bank Ltd,Mar 2014,2014,14464.0,-14166.0,7785.0,8082.0,30641.0,9644.0,6218.0,298.0,2.326149887423609,High Quality,46.23217257922392,Capital Intensive,3.090004147656574,+,-,+,Mixed,False,False,False,False,False,85,Strong
AXISBANK,Axis Bank Ltd,Mar 2015,2015,-15162.0,-7972.0,31045.0,7910.0,35479.0,11127.0,7358.0,-23134.0,-2.060614297363414,Accrual Risk,22.469629921925645,Capital Intensive,-207.90869057248136,-,-,+,Growth Funded by Debt,False,True,True,True,True,0,Distress
AXISBANK,Axis Bank Ltd,Mar 2016,2016,-34495.0,9211.0,22495.0,-2789.0,40988.0,13367.0,8224.0,-25284.0,-4.19443093385214,Accrual Risk,22.47243095540158,Capital Intensive,-189.15239021470788,-,+,+,Distress Signal,False,True,True,True,True,0,Distress
AXISBANK,Axis Bank Ltd,Mar 2017,2017,32209.0,-12458.0,-2487.0,17263.0,44542.0,23808.0,3679.0,19751.0,8.754824680619734,High Quality,27.96910780836065,Capital Intensive,82.95950940860214,+,-,-,Shareholder Returns,False,False,False,False,False,95,Strong
AXISBANK,Axis Bank Ltd,Mar 2018,2018,-38390.0,-10007.0,41342.0,-7055.0,45780.0,28895.0,276.0,-48397.0,-139.09420289855072,Accrual Risk,21.858890345128877,Capital Intensive,-167.49264578646824,-,-,+,Growth Funded by Debt,False,True,True,True,True,0,Distress
AXISBANK,Axis Bank Ltd,Mar 2019,2019,37125.0,-18674.0,5643.0,24094.0,54986.0,27155.0,4677.0,18451.0,7.937780628608082,High Quality,33.96137198559634,Capital Intensive,67.94697109187994,+,-,+,Mixed,False,False,False,False,False,85,Strong
AXISBANK,Axis Bank Ltd,Mar 2020,2020,30416.0,-9485.0,8865.0,29795.0,62635.0,35066.0,1627.0,20931.0,18.694529809465273,High Quality,15.14329049253612,Capital Intensive,59.690298294644386,+,-,+,Mixed,False,False,False,False,False,85,Strong
AXISBANK,Axis Bank Ltd,Mar 2021,2021,12633.0,-54288.0,7279.0,-34375.0,63346.0,31749.0,6588.0,-41655.0,1.9175774134790529,High Quality,85.70075458592493,Capital Intensive,-131.2009827081168,+,-,+,Mixed,False,False,False,False,False,55,Watch
AXISBANK,Axis Bank Ltd,Mar 2022,2022,28137.0,-27112.0,47894.0,48919.0,67377.0,29962.0,13025.0,1025.0,2.1602303262955855,High Quality,40.239250782908115,Capital Intensive,3.420999933248782,+,-,+,Mixed,False,False,False,False,False,85,Strong
AXISBANK,Axis Bank Ltd,Mar 2023,2023,22075.0,-32351.0,6641.0,-3636.0,85164.0,29089.0,9580.0,-10276.0,2.3042797494780793,High Quality,37.986707998684885,Capital Intensive,-35.32606827323043,+,-,+,Mixed,False,False,False,False,False,55,Watch
AXISBANK,Axis Bank Ltd,Mar 2024,2024,-5555.0,-9001.0,22341.0,7785.0,109369.0,37943.0,24861.0,-14556.0,-0.2234423394071035,Accrual Risk,8.229937185125584,Capital Intensive,-38.36280736894816,-,-,+,Growth Funded by Debt,False,True,True,True,True,0,Distress
BAJAJ-AUTO,Bajaj Auto Ltd,Mar 2013,2013,2218.0,-1394.0,-1445.0,-621.0,20025.0,3656.0,3133.0,824.0,0.7079476540057453,Moderate,6.961298377028714,Moderate,22.538293216630198,+,-,-,Reinvestor,False,False,False,False,False,85,Strong
BAJAJ-AUTO,Bajaj Auto Ltd,Mar 2014,2014,3502.0,-2072.0,-1496.0,-66.0,20137.0,4163.0,3380.0,1430.0,1.036094674556213,High Quality,10.28951680985251,Capital Intensive,34.350228200816716,+,-,-,Shareholder Returns,False,False,False,False,False,95,Strong
BAJAJ-AUTO,Bajaj Auto Ltd,Mar 2015,2015,2114.0,-380.0,-1644.0,90.0,21595.0,4128.0,3026.0,1734.0,0.6986120290812955,Moderate,1.7596665894883075,Asset Light,42.00581395348838,+,-,-,Reinvestor,False,False,False,False,False,85,Strong
BAJAJ-AUTO,Bajaj Auto Ltd,Mar 2016,2016,3690.0,-68.0,-3384.0,238.0,22574.0,4793.0,4061.0,3622.0,0.9086431913321842,Moderate,0.30123150527155135,Asset Light,75.56853745044857,+,-,-,Reinvestor,False,False,False,False,False,85,Strong
BAJAJ-AUTO,Bajaj Auto Ltd,Mar 2017,2017,3267.0,-3610.0,-190.0,-532.0,21755.0,4429.0,4079.0,-343.0,0.8009316008825692,Moderate,16.593886462882097,Capital Intensive,-7.744411831113118,+,-,-,Reinvestor,False,False,False,False,False,55,Watch
BAJAJ-AUTO,Bajaj Auto Ltd,Mar 2018,2018,4328.0,-1954.0,-1885.0,488.0,25210.0,4846.0,4219.0,2374.0,1.0258355060440862,High Quality,7.7508925029750095,Moderate,48.98885678910442,+,-,-,Shareholder Returns,False,False,False,False,False,95,Strong
BAJAJ-AUTO,Bajaj Auto Ltd,Mar 2019,2019,2487.0,-273.0,-2074.0,140.0,30358.0,5198.0,4928.0,2214.0,0.5046672077922078,Moderate,0.8992687265300744,Asset Light,42.59330511735283,+,-,-,Reinvestor,False,False,False,False,False,85,Strong
BAJAJ-AUTO,Bajaj Auto Ltd,Mar 2020,2020,3850.0,1766.0,-6247.0,-630.0,29919.0,5109.0,5212.0,5616.0,0.7386799693016116,Moderate,5.902603696647615,Moderate,109.92366412213741,+,+,-,Liquidating Assets,False,False,False,False,False,75,Healthy
BAJAJ-AUTO,Bajaj Auto Ltd,Mar 2021,2021,3120.0,-2869.0,-20.0,231.0,27741.0,4938.0,4857.0,251.0,0.6423718344657195,Moderate,10.342092931040698,Capital Intensive,5.0830295666261645,+,-,-,Reinvestor,False,False,False,False,False,85,Strong
BAJAJ-AUTO,Bajaj Auto Ltd,Mar 2022,2022,4197.0,276.0,-4056.0,417.0,33145.0,5259.0,6166.0,4473.0,0.6806681803438209,Moderate,0.8327047820184039,Asset Light,85.05419281232174,+,+,-,Liquidating Assets,False,False,False,False,False,75,Healthy
BAJAJ-AUTO,Bajaj Auto Ltd,Mar 2023,2023,5277.0,1211.0,-7181.0,-692.0,36455.0,6465.0,6060.0,6488.0,0.8707920792079208,Moderate,3.3219037169112604,Moderate,100.35576179427687,+,+,-,Liquidating Assets,False,False,False,False,False,75,Healthy
BAJAJ-AUTO,Bajaj Auto Ltd,Mar 2024,2024,6558.0,-72.0,-6167.0,319.0,44870.0,8765.0,7708.0,6486.0,0.8508043591074209,Moderate,0.16046356139959886,Asset Light,73.99885909868796,+,-,-,Reinvestor,False,False,False,False,False,85,Strong
BAJAJFINSV,Bajaj Finserv Ltd,Mar 2013,2013,-6922.0,2953.0,4592.0,623.0,8055.0,3931.0,2214.0,-3969.0,-3.1264679313459802,Accrual Risk,36.660459342023586,Capital Intensive,-100.96667514627322,-,+,+,Distress Signal,False,True,True,True,True,0,Distress
BAJAJFINSV,Bajaj Finserv Ltd,Mar 2014,2014,-9807.0,3764.0,6521.0,478.0,6023.0,4491.0,2191.0,-6043.0,-4.476038338658147,Accrual Risk,62.49377386684376,Capital Intensive,-134.55800489868625,-,+,+,Distress Signal,False,True,True,True,True,0,Distress
BAJAJFINSV,Bajaj Finserv Ltd,Mar 2015,2015,-10731.0,3709.0,6839.0,-183.0,11335.0,5511.0,2409.0,-7022.0,-4.454545454545454,Accrual Risk,32.721658579620645,Capital Intensive,-127.41789148974777,-,+,+,Distress Signal,True,True,True,True,True,0,Distress
BAJAJFINSV,Bajaj Finserv Ltd,Mar 2016,2016,-9795.0,-886.0,11602.0,921.0,20533.0,6739.0,2775.0,-10681.0,-3.5297297297297296,Accrual Risk,4.315005113719379,Moderate,-158.4953257159816,-,-,+,Growth Funded by Debt,True,True,True,True,True,0,Distress
BAJAJFINSV,Bajaj Finserv Ltd,Mar 2017,2017,-10922.0,151.0,12513.0,1742.0,24507.0,8713.0,3450.0,-10771.0,-3.165797101449275,Accrual Risk,0.6161504876157833,Asset Light,-123.61987834270629,-,+,+,Distress Signal,True,True,True,True,True,0,Distress
BAJAJFINSV,Bajaj Finserv Ltd,Mar 2018,2018,-19580.0,-922.0,19590.0,-911.0,32862.0,10788.0,4176.0,-20502.0,-4.688697318007663,Accrual Risk,2.805672204978394,Asset Light,-190.04449388209122,-,-,+,Growth Funded by Debt,True,True,True,True,True,0,Distress
BAJAJFINSV,Bajaj Finserv Ltd,Mar 2019,2019,-27076.0,-6903.0,34535.0,555.0,42605.0,15037.0,5374.0,-33979.0,-5.038332713062895,Accrual Risk,16.20232367093064,Capital Intensive,-225.96927578639355,-,-,+,Growth Funded by Debt,True,True,True,True,True,0,Distress
BAJAJFINSV,Bajaj Finserv Ltd,Mar 2020,2020,-23369.0,-9948.0,34479.0,1162.0,54351.0,18258.0,5994.0,-33317.0,-3.898732065398732,Accrual Risk,18.303251090136335,Capital Intensive,-182.4789133530507,-,-,+,Growth Funded by Debt,True,True,True,True,True,0,Distress
BAJAJFINSV,Bajaj Finserv Ltd,Mar 2021,2021,4547.0,-3684.0,1687.0,2551.0,60592.0,19641.0,7367.0,863.0,0.6172118908646668,Moderate,6.0800105624504885,Moderate,4.393869965887684,+,-,+,Mixed,False,False,False,False,False,75,Healthy
BAJAJFINSV,Bajaj Finserv Ltd,Mar 2022,2022,-33670.0,1445.0,32326.0,101.0,68406.0,21455.0,8314.0,-32225.0,-4.049795525619437,Accrual Risk,2.1123878022395695,Asset Light,-150.19808902353765,-,+,+,Distress Signal,False,True,True,True,True,0,Distress
BAJAJFINSV,Bajaj Finserv Ltd,Mar 2023,2023,-39480.0,-13945.0,51016.0,-2409.0,82072.0,29868.0,12210.0,-53425.0,-3.2334152334152333,Accrual Risk,16.99117847743445,Capital Intensive,-178.87036293022632,-,-,+,Growth Funded by Debt,False,True,True,True,True,0,Distress
BAJAJFINSV,Bajaj Finserv Ltd,Mar 2024,2024,-68674.0,-10960.0,82709.0,3075.0,110382.0,40886.0,15595.0,-79634.0,-4.403590894517474,Accrual Risk,9.929155115870342,Capital Intensive,-194.77082619967717,-,-,+,Growth Funded by Debt,True,True,True,True,True,0,Distress
BAJAJHLDNG,Bajaj Holdings & Investment Ltd,Mar 2013,2013,473.0,-369.0,-332.0,-228.0,337.0,322.0,1856.0,104.0,0.2548491379310345,Accrual Risk,109.49554896142433,Capital Intensive,32.298136645962735,+,-,-,Reinvestor,False,False,False,False,False,55,Watch
BAJAJHLDNG,Bajaj Holdings & Investment Ltd,Mar 2014,2014,872.0,-519.0,-326.0,27.0,423.0,400.0,1988.0,353.0,0.4386317907444668,Accrual Risk,122.69503546099291,Capital Intensive,88.25,+,-,-,Reinvestor,False,False,False,False,False,55,Watch
BAJAJHLDNG,Bajaj Holdings & Investment Ltd,Mar 2015,2015,796.0,-464.0,-391.0,-59.0,524.0,484.0,2029.0,332.0,0.39231148348940365,Accrual Risk,88.54961832061069,Capital Intensive,68.59504132231406,+,-,-,Reinvestor,False,False,False,False,False,55,Watch
BAJAJHLDNG,Bajaj Holdings & Investment Ltd,Mar 2016,2016,1147.0,1019.0,-761.0,1406.0,470.0,429.0,2265.0,2166.0,0.506401766004415,Moderate,216.8085106382979,Capital Intensive,504.8951048951049,+,+,-,Liquidating Assets,False,False,False,False,False,75,Healthy
BAJAJHLDNG,Bajaj Holdings & Investment Ltd,Mar 2017,2017,-923.0,-372.0,-110.0,-1406.0,842.0,628.0,2473.0,-1295.0,-0.3732308936514355,Accrual Risk,44.180522565320665,Capital Intensive,-206.21019108280257,-,-,-,Pre-Revenue,False,True,False,True,True,0,Distress
BAJAJHLDNG,Bajaj Holdings & Investment Ltd,Mar 2018,2018,1631.0,-1123.0,-434.0,74.0,420.0,355.0,2655.0,508.0,0.6143126177024482,Moderate,267.38095238095235,Capital Intensive,143.09859154929578,+,-,-,Reinvestor,False,False,False,False,False,85,Strong
BAJAJHLDNG,Bajaj Holdings & Investment Ltd,Mar 2019,2019,628.0,-163.0,-536.0,-72.0,431.0,347.0,3048.0,465.0,0.20603674540682415,Accrual Risk,37.81902552204176,Capital Intensive,134.0057636887608,+,-,-,Reinvestor,False,False,False,False,False,55,Watch
BAJAJHLDNG,Bajaj Holdings & Investment Ltd,Mar 2020,2020,1920.0,-800.0,-1028.0,92.0,435.0,301.0,3080.0,1120.0,0.6233766233766234,Moderate,183.90804597701148,Capital Intensive,372.09302325581393,+,-,-,Reinvestor,False,False,False,False,False,85,Strong
BAJAJHLDNG,Bajaj Holdings & Investment Ltd,Mar 2021,2021,272.0,-308.0,-37.0,-73.0,457.0,352.0,3654.0,-36.0,0.07443897099069513,Accrual Risk,67.39606126914661,Capital Intensive,-10.227272727272728,+,-,-,Reinvestor,False,False,False,False,False,25,Distress
BAJAJHLDNG,Bajaj Holdings & Investment Ltd,Mar 2022,2022,1610.0,-151.0,-1460.0,-1.0,484.0,367.0,4126.0,1459.0,0.39020843431895297,Accrual Risk,31.198347107438018,Capital Intensive,397.54768392370573,+,-,-,Reinvestor,False,False,False,False,False,55,Watch
BAJAJHLDNG,Bajaj Holdings & Investment Ltd,Mar 2023,2023,1728.0,-137.0,-1587.0,4.0,522.0,380.0,4946.0,1591.0,0.3493732308936514,Accrual Risk,26.245210727969347,Capital Intensive,418.6842105263158,+,-,-,Reinvestor,False,False,False,False,False,55,Watch
BAJAJHLDNG,Bajaj Holdings & Investment Ltd,Mar 2024,2024,1941.0,-472.0,-1455.0,14.0,1702.0,1562.0,7365.0,1469.0,0.26354378818737273,Accrual Risk,27.73207990599295,Capital Intensive,94.0460947503201,+,-,-,Reinvestor,False,False,False,False,False,55,Watch
BAJFINANCE,Bajaj Finance Ltd,Mar 2015,2015,-7064.0,-360.0,6867.0,-557.0,5392.0,1752.0,898.0,-7424.0,-7.866369710467706,Accrual Risk,6.6765578635014835,Moderate,-423.7442922374429,-,-,+,Growth Funded by Debt,False,True,True,True,True,0,Distress
BAJFINANCE,Bajaj Finance Ltd,Mar 2016,2016,-9870.0,-687.0,11656.0,1100.0,7299.0,2354.0,1279.0,-10557.0,-7.716966379984362,Accrual Risk,9.412248253185368,Capital Intensive,-448.4706881903144,-,-,+,Growth Funded by Debt,False,True,True,True,True,0,Distress
BAJFINANCE,Bajaj Finance Ltd,Mar 2017,2017,-10439.0,-3047.0,12513.0,-972.0,9970.0,3250.0,1836.0,-13486.0,-5.685729847494553,Accrual Risk,30.561685055165494,Capital Intensive,-414.95384615384614,-,-,+,Growth Funded by Debt,True,True,True,True,True,0,Distress
BAJFINANCE,Bajaj Finance Ltd,Mar 2018,2018,-20566.0,1075.0,19503.0,13.0,12746.0,4115.0,2496.0,-19491.0,-8.239583333333334,Accrual Risk,8.434018515612742,Capital Intensive,-473.65735115431346,-,+,+,Distress Signal,True,True,True,True,True,0,Distress
BAJFINANCE,Bajaj Finance Ltd,Mar 2019,2019,-29062.0,-5379.0,34449.0,9.0,18487.0,5454.0,3995.0,-34441.0,-7.27459324155194,Accrual Risk,29.09612159896143,Capital Intensive,-631.4814814814815,-,-,+,Growth Funded by Debt,True,True,True,True,True,0,Distress
BAJFINANCE,Bajaj Finance Ltd,Mar 2020,2020,-24412.0,-8758.0,34167.0,998.0,26374.0,9159.0,5264.0,-33170.0,-4.637537993920972,Accrual Risk,33.20694623492834,Capital Intensive,-362.15744076864286,-,-,+,Growth Funded by Debt,True,True,True,True,True,0,Distress
BAJFINANCE,Bajaj Finance Ltd,Mar 2021,2021,-807.0,-429.0,1741.0,505.0,26673.0,10839.0,4420.0,-1236.0,-0.18257918552036198,Accrual Risk,1.6083680125970081,Asset Light,-11.40326598394686,-,-,+,Growth Funded by Debt,True,True,True,True,True,0,Distress
BAJFINANCE,Bajaj Finance Ltd,Mar 2022,2022,-37090.0,6347.0,32275.0,1532.0,31641.0,11880.0,7028.0,-30743.0,-5.277461582242458,Accrual Risk,20.059416579754117,Capital Intensive,-258.7794612794613,-,+,+,Distress Signal,True,True,True,True,True,0,Distress
BAJFINANCE,Bajaj Finance Ltd,Mar 2023,2023,-42112.0,-10394.0,50675.0,-1831.0,41411.0,12693.0,11508.0,-52506.0,-3.659367396593674,Accrual Risk,25.09961121441163,Capital Intensive,-413.66107303238005,-,-,+,Growth Funded by Debt,True,True,True,True,True,0,Distress
BAJFINANCE,Bajaj Finance Ltd,Mar 2024,2024,-72760.0,-7171.0,82415.0,2484.0,54972.0,16099.0,14451.0,-79931.0,-5.034945678499758,Accrual Risk,13.044822818889617,Capital Intensive,-496.49667681222434,-,-,+,Growth Funded by Debt,True,True,True,True,True,0,Distress
BANKBARODA,Bank of Baroda,Mar 2013,2013,23196.0,-514.0,-790.0,21892.0,36442.0,10950.0,4829.0,22682.0,4.803478981155519,High Quality,1.410460457713627,Asset Light,207.14155251141554,+,-,-,Shareholder Returns,False,False,False,False,False,95,Strong
BANKBARODA,Bank of Baroda,Mar 2014,2014,42233.0,-730.0,5151.0,46654.0,40463.0,12049.0,5036.0,41503.0,8.386219221604447,High Quality,1.8041173417690237,Asset Light,344.45182172794426,+,-,+,Mixed,False,False,False,False,False,85,Strong
BANKBARODA,Bank of Baroda,Mar 2015,2015,17838.0,-556.0,-6.0,17276.0,44915.0,13466.0,3950.0,17282.0,4.5159493670886075,High Quality,1.2378937993988643,Asset Light,128.3380365364622,+,-,-,Shareholder Returns,False,False,False,False,False,95,Strong
BANKBARODA,Bank of Baroda,Mar 2016,2016,-10011.0,-4005.0,-616.0,-14632.0,45799.0,25391.0,-5033.0,-14016.0,1.9890721239817206,High Quality,8.744732417738378,Capital Intensive,-55.20066165176637,-,-,-,Pre-Revenue,False,True,False,True,True,40,Watch
BANKBARODA,Bank of Baroda,Mar 2017,2017,17865.0,-551.0,-198.0,17116.0,44473.0,19250.0,1855.0,17314.0,9.630727762803234,High Quality,1.238953972072943,Asset Light,89.94285714285715,+,-,-,Shareholder Returns,False,False,False,False,False,95,Strong
BANKBARODA,Bank of Baroda,Mar 2018,2018,-59692.0,-414.0,3413.0,-56692.0,46056.0,26093.0,-1836.0,-60106.0,32.5119825708061,High Quality,0.8989056800416885,Asset Light,-230.35296822902694,-,-,+,Growth Funded by Debt,False,True,True,True,True,30,Distress
BANKBARODA,Bank of Baroda,Mar 2019,2019,-1449.0,-2537.0,4449.0,462.0,52906.0,25815.0,1166.0,-3986.0,-1.2427101200686106,Accrual Risk,4.795297319774694,Moderate,-15.440635289560333,-,-,+,Growth Funded by Debt,False,True,True,True,True,0,Distress
BANKBARODA,Bank of Baroda,Mar 2020,2020,18531.0,-139.0,14729.0,33120.0,78895.0,40583.0,981.0,18392.0,18.889908256880734,High Quality,0.1761835350782686,Asset Light,45.319468743069756,+,-,+,Mixed,False,False,False,False,False,85,Strong
BANKBARODA,Bank of Baroda,Mar 2021,2021,-887.0,-471.0,-986.0,-2344.0,74314.0,38070.0,1620.0,-1358.0,-0.5475308641975308,Accrual Risk,0.6337971310923918,Asset Light,-3.5671132125032834,-,-,-,Pre-Revenue,False,True,False,True,True,0,Distress
BANKBARODA,Bank of Baroda,Mar 2022,2022,6210.0,-3645.0,-998.0,1567.0,73385.0,37518.0,7933.0,2565.0,0.7828060002521114,Moderate,4.9669550998160386,Moderate,6.836718375179913,+,-,-,Reinvestor,False,False,False,False,False,85,Strong
BANKBARODA,Bank of Baroda,Mar 2023,2023,-21354.0,-1096.0,-5405.0,-27855.0,94503.0,38231.0,15005.0,-22450.0,-1.423125624791736,Accrual Risk,1.159751542279081,Asset Light,-58.7219795453951,-,-,-,Pre-Revenue,False,True,False,True,True,0,Distress
BANKBARODA,Bank of Baroda,Mar 2024,2024,-6274.0,-1285.0,5476.0,-2084.0,118379.0,44379.0,18869.0,-7559.0,-0.3325030473263024,Accrual Risk,1.0854965830088108,Asset Light,-17.03283084341693,-,-,+,Growth Funded by Debt,False,True,True,True,True,0,Distress
BEL,Bharat Electronics Ltd,Mar 2013,2013,-1539.0,1753.0,-158.0,56.0,6273.0,669.0,911.0,214.0,-1.6893523600439078,Accrual Risk,27.94516180455922,Capital Intensive,31.988041853512705,-,+,-,Other,False,True,False,False,True,45,Watch
BEL,Bharat Electronics Ltd,Mar 2014,2014,-569.0,759.0,-213.0,-23.0,6518.0,925.0,952.0,190.0,-0.5976890756302521,Accrual Risk,11.644676281067811,Capital Intensive,20.54054054054054,-,+,-,Other,False,True,False,False,True,45,Watch
BEL,Bharat Electronics Ltd,Mar 2015,2015,1434.0,-839.0,-209.0,386.0,7093.0,1179.0,1197.0,595.0,1.1979949874686717,High Quality,11.828563372338925,Capital Intensive,50.46649703138253,+,-,-,Shareholder Returns,False,False,False,False,False,95,Strong
BEL,Bharat Electronics Ltd,Mar 2016,2016,2260.0,-1470.0,-318.0,472.0,7354.0,1393.0,1337.0,790.0,1.6903515332834704,High Quality,19.989121566494426,Capital Intensive,56.71213208901651,+,-,-,Shareholder Returns,False,False,False,False,False,95,Strong
BEL,Bharat Electronics Ltd,Mar 2017,2017,-61.0,3115.0,-2857.0,197.0,8656.0,1792.0,1523.0,3054.0,-0.04005252790544977,Accrual Risk,35.9865988909427,Capital Intensive,170.42410714285714,-,+,-,Other,False,True,False,False,True,45,Watch
BEL,Bharat Electronics Ltd,Mar 2018,2018,-687.0,-6.0,-1202.0,-1895.0,10401.0,2039.0,1431.0,-693.0,-0.480083857442348,Accrual Risk,0.05768676088837611,Asset Light,-33.98724865129966,-,-,-,Pre-Revenue,False,True,False,True,True,0,Distress
BEL,Bharat Electronics Ltd,Mar 2019,2019,1514.0,-896.0,-663.0,-45.0,12164.0,2909.0,1887.0,618.0,0.8023317435082141,Moderate,7.365998026964814,Moderate,21.244413887933998,+,-,-,Reinvestor,False,False,False,False,False,85,Strong
BEL,Bharat Electronics Ltd,Mar 2020,2020,2570.0,-649.0,-1061.0,861.0,12968.0,2759.0,1825.0,1921.0,1.4082191780821918,High Quality,5.004626773596545,Moderate,69.62667633200435,+,-,-,Shareholder Returns,False,False,False,False,False,95,Strong
BEL,Bharat Electronics Ltd,Mar 2021,2021,5093.0,-2595.0,-1076.0,1422.0,14109.0,3214.0,2100.0,2498.0,2.4252380952380954,High Quality,18.392515415692113,Capital Intensive,77.7224642190417,+,-,-,Shareholder Returns,False,False,False,False,False,95,Strong
BEL,Bharat Electronics Ltd,Mar 2022,2022,4207.0,-4872.0,-1078.0,-1742.0,15368.0,3344.0,2400.0,-665.0,1.7529166666666667,High Quality,31.70223841749089,Capital Intensive,-19.886363636363637,+,-,-,Shareholder Returns,False,False,False,False,False,65,Healthy
BEL,Bharat Electronics Ltd,Mar 2023,2023,1199.0,2708.0,-1262.0,2645.0,17734.0,4090.0,2986.0,3907.0,0.4015405224380442,Accrual Risk,15.270102627720764,Capital Intensive,95.52567237163814,+,+,-,Liquidating Assets,False,False,False,False,False,45,Watch
BEL,Bharat Electronics Ltd,Mar 2024,2024,4659.0,-5924.0,-1475.0,-2739.0,20268.0,5051.0,3985.0,-1265.0,1.1691342534504392,High Quality,29.228340240773633,Capital Intensive,-25.044545634527815,+,-,-,Shareholder Returns,False,False,False,False,False,65,Healthy
BHARTIARTL,Bharti Airtel Ltd,Mar 2013,2013,22608.0,-18676.0,-4566.0,-634.0,76947.0,22960.0,2267.0,3932.0,9.972651080723423,High Quality,24.27125164073973,Capital Intensive,17.125435540069684,+,-,-,Shareholder Returns,False,False,False,False,False,95,Strong
BHARTIARTL,Bharti Airtel Ltd,Mar 2014,2014,26233.0,-25181.0,2774.0,3826.0,85864.0,26512.0,3019.0,1052.0,8.689301093077178,High Quality,29.326609522034847,Capital Intensive,3.968014484007242,+,-,+,Mixed,False,False,False,False,False,85,Strong
BHARTIARTL,Bharti Airtel Ltd,Mar 2015,2015,28059.0,-22301.0,-9672.0,-3914.0,96101.0,33602.0,5048.0,5758.0,5.558438985736926,High Quality,23.20579390432982,Capital Intensive,17.135884768763766,+,-,-,Shareholder Returns,False,False,False,False,False,95,Strong
BHARTIARTL,Bharti Airtel Ltd,Mar 2016,2016,27942.0,-14091.0,-11946.0,1905.0,96532.0,33984.0,6893.0,13851.0,4.053677643986653,High Quality,14.597232005966934,Capital Intensive,40.75741525423729,+,-,-,Shareholder Returns,False,False,False,False,False,95,Strong
BHARTIARTL,Bharti Airtel Ltd,Mar 2017,2017,28280.0,-30680.0,-351.0,-2752.0,95468.0,35330.0,4241.0,-2400.0,6.668238622966282,High Quality,32.13642267566095,Capital Intensive,-6.793093688083782,+,-,-,Shareholder Returns,False,False,False,False,False,65,Healthy
BHARTIARTL,Bharti Airtel Ltd,Mar 2018,2018,29854.0,-27940.0,1920.0,3835.0,82639.0,30079.0,2184.0,1914.0,13.66941391941392,High Quality,33.80970244073622,Capital Intensive,6.363243458891585,+,-,+,Mixed,False,False,False,False,False,85,Strong
BHARTIARTL,Bharti Airtel Ltd,Mar 2019,2019,20070.0,-28286.0,9464.0,1248.0,80780.0,25764.0,1688.0,-8216.0,11.889810426540285,High Quality,35.01609309234959,Capital Intensive,-31.88945815867101,+,-,+,Mixed,False,False,False,False,False,55,Watch
BHARTIARTL,Bharti Airtel Ltd,Mar 2020,2020,18129.0,-29598.0,19144.0,7675.0,87539.0,36610.0,-30664.0,-11469.0,-0.5912144534307331,Accrual Risk,33.81121557248769,Capital Intensive,-31.32750614586179,+,-,+,Mixed,False,False,False,False,False,15,Distress
BHARTIARTL,Bharti Airtel Ltd,Mar 2021,2021,48205.0,-27286.0,-24910.0,-3991.0,100616.0,45279.0,-12364.0,20919.0,-3.8988191523778712,Accrual Risk,27.118947284726087,Capital Intensive,46.200225269992714,+,-,-,Reinvestor,False,False,False,False,False,55,Watch
BHARTIARTL,Bharti Airtel Ltd,Mar 2022,2022,55017.0,-41478.0,-15203.0,-1664.0,116547.0,57534.0,8305.0,13539.0,6.624563515954245,High Quality,35.58907565188293,Capital Intensive,23.532172280738344,+,-,-,Shareholder Returns,False,False,False,False,False,95,Strong
BHARTIARTL,Bharti Airtel Ltd,Mar 2023,2023,65325.0,-39232.0,-24470.0,1623.0,139145.0,71274.0,12287.0,26093.0,5.31659477496541,High Quality,28.19504833087786,Capital Intensive,36.60942279091955,+,-,-,Shareholder Returns,False,False,False,False,False,95,Strong
BHARTIARTL,Bharti Airtel Ltd,Mar 2024,2024,78898.0,-51089.0,-27778.0,31.0,149982.0,78292.0,8558.0,27809.0,9.219210095816779,High Quality,34.063420943846594,Capital Intensive,35.51959331732489,+,-,-,Shareholder Returns,False,False,False,False,False,95,Strong
BHEL,Bharat Heavy Electricals Limited,Mar 2013,2013,1759.0,-1113.0,472.0,1118.0,48903.0,9483.0,6693.0,646.0,0.26281189302256086,Accrual Risk,2.2759339917796453,Asset Light,6.81219023515765,+,-,+,Mixed,False,False,False,False,False,45,Watch
BHEL,Bharat Heavy Electricals Limited,Mar 2014,2014,4512.0,-868.0,523.0,4167.0,39561.0,4579.0,3502.0,3644.0,1.2884066247858366,High Quality,2.19408002831071,Asset Light,79.58069447477615,+,-,+,Mixed,False,False,False,False,False,85,Strong
BHEL,Bharat Heavy Electricals Limited,Mar 2015,2015,821.0,650.0,-3543.0,-2071.0,31323.0,2141.0,1450.0,1471.0,0.5662068965517242,Moderate,2.0751524438910702,Asset Light,68.70621205044371,+,+,-,Liquidating Assets,False,False,False,False,False,75,Healthy
BHEL,Bharat Heavy Electricals Limited,Mar 2016,2016,374.0,23.0,-122.0,275.0,25505.0,-1357.0,-706.0,397.0,-0.5297450424929179,Accrual Risk,0.09017839639286414,Asset Light,-29.255711127487103,+,+,-,Liquidating Assets,False,False,False,False,False,45,Watch
BHEL,Bharat Heavy Electricals Limited,Mar 2017,2017,560.0,-565.0,-468.0,-473.0,28465.0,1095.0,455.0,-5.0,1.2307692307692308,High Quality,1.9848937291410504,Asset Light,-0.45662100456621,+,-,-,Shareholder Returns,False,False,False,False,False,65,Healthy
BHEL,Bharat Heavy Electricals Limited,Mar 2018,2018,989.0,961.0,-667.0,1283.0,28827.0,1653.0,438.0,1950.0,2.2579908675799087,High Quality,3.333680230339612,Moderate,117.96733212341198,+,+,-,Liquidating Assets,False,False,False,False,False,85,Strong
BHEL,Bharat Heavy Electricals Limited,Mar 2019,2019,-3860.0,1919.0,-32.0,-1973.0,30441.0,2032.0,1002.0,-1941.0,-3.852295409181637,Accrual Risk,6.303997897572352,Moderate,-95.52165354330708,-,+,-,Other,False,True,False,False,True,15,Distress
BHEL,Bharat Heavy Electricals Limited,Mar 2020,2020,-2892.0,1877.0,1622.0,608.0,21463.0,-133.0,-1468.0,-1015.0,1.9700272479564032,High Quality,8.745282579322556,Capital Intensive,763.1578947368421,-,+,+,Distress Signal,False,True,True,True,True,30,Distress
BHEL,Bharat Heavy Electricals Limited,Mar 2021,2021,560.0,-42.0,-394.0,123.0,17309.0,-3049.0,-2700.0,518.0,-0.2074074074074074,Accrual Risk,0.2426483332370443,Asset Light,-16.98917677927189,+,-,-,Reinvestor,False,False,False,False,False,55,Watch
BHEL,Bharat Heavy Electricals Limited,Mar 2022,2022,660.0,-1118.0,-329.0,-787.0,21211.0,828.0,445.0,-458.0,1.4831460674157304,High Quality,5.270850030644477,Moderate,-55.31400966183575,+,-,-,Shareholder Returns,False,False,False,False,False,65,Healthy
BHEL,Bharat Heavy Electricals Limited,Mar 2023,2023,-741.0,1480.0,89.0,829.0,23365.0,1044.0,654.0,739.0,-1.1330275229357798,Accrual Risk,6.334260646265783,Moderate,70.78544061302682,-,+,+,Distress Signal,False,True,True,True,True,20,Distress
BHEL,Bharat Heavy Electricals Limited,Mar 2024,2024,-3713.0,1331.0,2656.0,274.0,23893.0,711.0,282.0,-2382.0,-13.166666666666666,Accrual Risk,5.570669233666764,Moderate,-335.0210970464135,-,+,+,Distress Signal,False,True,True,True,True,0,Distress
BOSCHLTD,Bosch Ltd,Dec 2012,2012,871.0,-824.0,-156.0,-108.0,8659.0,1350.0,958.0,47.0,0.9091858037578288,Moderate,9.516110405358587,Capital Intensive,3.4814814814814814,+,-,-,Reinvestor,False,False,False,False,False,85,Strong
BOSCHLTD,Bosch Ltd,Dec 2013,2013,1057.0,-846.0,-238.0,-27.0,8757.0,1289.0,885.0,211.0,1.1943502824858756,High Quality,9.660842754367934,Capital Intensive,16.369278510473233,+,-,-,Shareholder Returns,False,False,False,False,False,95,Strong
BOSCHLTD,Bosch Ltd,Mar 2015,2015,1396.0,-1183.0,-237.0,-24.0,12086.0,1981.0,1338.0,213.0,1.0433482810164425,High Quality,9.78818467648519,Capital Intensive,10.752145381120647,+,-,-,Shareholder Returns,False,False,False,False,False,95,Strong
BOSCHLTD,Bosch Ltd,Mar 2016,2016,1318.0,-995.0,-356.0,-33.0,9701.0,1878.0,1531.0,323.0,0.8608752449379491,Moderate,10.256674569631997,Capital Intensive,17.199148029818957,+,-,-,Reinvestor,False,False,False,False,False,85,Strong
BOSCHLTD,Bosch Ltd,Mar 2017,2017,1457.0,1246.0,-2670.0,33.0,10435.0,1963.0,1741.0,2703.0,0.8368753589890867,Moderate,11.940584571154767,Capital Intensive,137.69740193581254,+,+,-,Liquidating Assets,False,False,False,False,False,75,Healthy
BOSCHLTD,Bosch Ltd,Mar 2018,2018,1729.0,-1170.0,-325.0,234.0,11690.0,2093.0,1371.0,559.0,1.261123267687819,High Quality,10.008554319931566,Capital Intensive,26.70807453416149,+,-,-,Shareholder Returns,False,False,False,False,False,95,Strong
BOSCHLTD,Bosch Ltd,Mar 2019,2019,593.0,1766.0,-2531.0,-172.0,12085.0,2154.0,1598.0,2359.0,0.3710888610763454,Accrual Risk,14.6131568059578,Capital Intensive,109.51717734447539,+,+,-,Liquidating Assets,False,False,False,False,False,45,Watch
BOSCHLTD,Bosch Ltd,Mar 2020,2020,1336.0,-873.0,-399.0,64.0,9842.0,1483.0,650.0,463.0,2.0553846153846154,High Quality,8.870148343832554,Capital Intensive,31.22049898853675,+,-,-,Shareholder Returns,False,False,False,False,False,95,Strong
BOSCHLTD,Bosch Ltd,Mar 2021,2021,835.0,-463.0,-338.0,34.0,9718.0,1163.0,482.0,372.0,1.7323651452282158,High Quality,4.764354805515538,Moderate,31.986242476354253,+,-,-,Shareholder Returns,False,False,False,False,False,95,Strong
BOSCHLTD,Bosch Ltd,Mar 2022,2022,271.0,-33.0,-383.0,-146.0,11782.0,1462.0,1217.0,238.0,0.22267871815940837,Accrual Risk,0.28008827024274313,Asset Light,16.27906976744186,+,-,-,Reinvestor,False,False,False,False,False,55,Watch
BOSCHLTD,Bosch Ltd,Mar 2023,2023,1214.0,262.0,-1239.0,236.0,14929.0,1810.0,1424.0,1476.0,0.8525280898876404,Moderate,1.7549735414294325,Asset Light,81.54696132596685,+,+,-,Liquidating Assets,False,False,False,False,False,75,Healthy
BOSCHLTD,Bosch Ltd,Mar 2024,2024,1253.0,283.0,-1452.0,84.0,16727.0,2095.0,2490.0,1536.0,0.5032128514056224,Moderate,1.6918754110121361,Asset Light,73.31742243436754,+,+,-,Liquidating Assets,False,False,False,False,False,75,Healthy
BPCL,Bharat Petroleum Corporation Ltd,Mar 2013,2013,5926.0,-3604.0,-846.0,1476.0,242181.0,6709.0,1936.0,2322.0,3.0609504132231407,High Quality,1.4881431656488329,Asset Light,34.61022507080042,+,-,-,Shareholder Returns,False,False,False,False,False,95,Strong
BPCL,Bharat Petroleum Corporation Ltd,Mar 2014,2014,9588.0,-6881.0,-3736.0,-1029.0,264421.0,9414.0,4053.0,2707.0,2.3656550703182826,High Quality,2.602289530710496,Asset Light,28.755045676651797,+,-,-,Shareholder Returns,False,False,False,False,False,95,Strong
BPCL,Bharat Petroleum Corporation Ltd,Mar 2015,2015,20742.0,-10536.0,-9792.0,414.0,242598.0,9780.0,5082.0,10206.0,4.0814639905549,High Quality,4.342987163950238,Moderate,104.3558282208589,+,-,-,Shareholder Returns,False,False,False,False,False,95,Strong
BPCL,Bharat Petroleum Corporation Ltd,Mar 2016,2016,11119.0,-9233.0,-1332.0,555.0,187815.0,12971.0,8089.0,1886.0,1.3745827667202373,High Quality,4.916007773607007,Moderate,14.540127977796624,+,-,-,Shareholder Returns,False,False,False,False,False,95,Strong
BPCL,Bharat Petroleum Corporation Ltd,Mar 2017,2017,9041.0,-15274.0,4804.0,-1429.0,201251.0,13783.0,9507.0,-6233.0,0.9509834858525297,Moderate,7.589527505453389,Moderate,-45.22237538997316,+,-,+,Mixed,False,False,False,False,False,45,Watch
BPCL,Bharat Petroleum Corporation Ltd,Mar 2018,2018,11068.0,-7066.0,-4218.0,-215.0,235895.0,15317.0,9792.0,4002.0,1.1303104575163399,High Quality,2.9954004959833824,Asset Light,26.12783182085265,+,-,-,Shareholder Returns,False,False,False,False,False,95,Strong
BPCL,Bharat Petroleum Corporation Ltd,Mar 2019,2019,10157.0,-10451.0,207.0,-87.0,298226.0,15112.0,8528.0,-294.0,1.1910178236397748,High Quality,3.5043892886602777,Moderate,-1.9454737956590789,+,-,+,Mixed,False,False,False,False,False,55,Watch
BPCL,Bharat Petroleum Corporation Ltd,Mar 2020,2020,7881.0,-11135.0,3583.0,329.0,284572.0,8975.0,3666.0,-3254.0,2.1497545008183305,High Quality,3.912893749209339,Moderate,-36.25626740947075,+,-,+,Mixed,False,False,False,False,False,55,Watch
BPCL,Bharat Petroleum Corporation Ltd,Mar 2021,2021,23455.0,-2474.0,-13981.0,7000.0,230171.0,21001.0,17320.0,20981.0,1.3542147806004619,High Quality,1.0748530440411694,Asset Light,99.90476643969335,+,-,-,Shareholder Returns,False,False,False,False,False,95,Strong
BPCL,Bharat Petroleum Corporation Ltd,Mar 2022,2022,20336.0,-8138.0,-17672.0,-5474.0,346791.0,19137.0,11682.0,12198.0,1.7407978085944187,High Quality,2.3466583619528762,Asset Light,63.74039818153315,+,-,-,Shareholder Returns,False,False,False,False,False,95,Strong
BPCL,Bharat Petroleum Corporation Ltd,Mar 2023,2023,12466.0,-7806.0,-4402.0,257.0,473187.0,10899.0,2131.0,4660.0,5.849835757860159,High Quality,1.6496649316232272,Asset Light,42.75621616662079,+,-,-,Shareholder Returns,False,False,False,False,False,95,Strong
BPCL,Bharat Petroleum Corporation Ltd,Mar 2024,2024,35936.0,-10521.0,-25427.0,-12.0,448083.0,44082.0,26859.0,25415.0,1.3379500353698945,High Quality,2.3480024906099985,Asset Light,57.65391769883399,+,-,-,Shareholder Returns,False,False,False,False,False,95,Strong
BRITANNIA,Britannia Industries Ltd,Mar 2013,2013,320.0,28.0,-378.0,-30.0,6185.0,421.0,260.0,348.0,1.2307692307692308,High Quality,0.45270816491511723,Asset Light,82.6603325415677,+,+,-,Liquidating Assets,False,False,False,False,False,85,Strong
BRITANNIA,Britannia Industries Ltd,Mar 2014,2014,671.0,-246.0,-357.0,68.0,6913.0,627.0,395.0,425.0,1.6987341772151898,High Quality,3.558512946622306,Moderate,67.78309409888357,+,-,-,Shareholder Returns,False,False,False,False,False,95,Strong
BRITANNIA,Britannia Industries Ltd,Mar 2015,2015,584.0,-450.0,-181.0,-47.0,7858.0,870.0,689.0,134.0,0.8476052249637155,Moderate,5.726648002036142,Moderate,15.402298850574713,+,-,-,Reinvestor,False,False,False,False,False,85,Strong
BRITANNIA,Britannia Industries Ltd,Mar 2016,2016,959.0,-705.0,-246.0,8.0,8397.0,1224.0,825.0,254.0,1.1624242424242424,High Quality,8.395855662736691,Capital Intensive,20.751633986928105,+,-,-,Shareholder Returns,False,False,False,False,False,95,Strong
BRITANNIA,Britannia Industries Ltd,Mar 2017,2017,441.0,-150.0,-295.0,-4.0,9054.0,1278.0,885.0,291.0,0.49830508474576274,Accrual Risk,1.656726308813784,Asset Light,22.769953051643192,+,-,-,Reinvestor,False,False,False,False,False,55,Watch
BRITANNIA,Britannia Industries Ltd,Mar 2018,2018,1249.0,-957.0,-232.0,60.0,9914.0,1501.0,1004.0,292.0,1.2440239043824701,High Quality,9.653015937058704,Capital Intensive,19.453697534976683,+,-,-,Shareholder Returns,False,False,False,False,False,95,Strong
BRITANNIA,Britannia Industries Ltd,Mar 2019,2019,1156.0,-852.0,-353.0,-49.0,11055.0,1732.0,1155.0,304.0,1.000865800865801,High Quality,7.706919945725915,Moderate,17.551963048498845,+,-,-,Shareholder Returns,False,False,False,False,False,95,Strong
BRITANNIA,Britannia Industries Ltd,Mar 2020,2020,1485.0,-1526.0,58.0,17.0,11600.0,1843.0,1394.0,-41.0,1.0652797704447632,High Quality,13.155172413793103,Capital Intensive,-2.224633749321758,+,-,+,Mixed,False,False,False,False,False,55,Watch
BRITANNIA,Britannia Industries Ltd,Mar 2021,2021,1876.0,433.0,-2242.0,66.0,13136.0,2509.0,1851.0,2309.0,1.0135062128579146,High Quality,3.296285018270402,Moderate,92.02869669190913,+,+,-,Liquidating Assets,False,False,False,False,False,85,Strong
BRITANNIA,Britannia Industries Ltd,Mar 2022,2022,1300.0,914.0,-2246.0,-32.0,14136.0,2201.0,1516.0,2214.0,0.8575197889182058,Moderate,6.46576117713639,Moderate,100.59064061790095,+,+,-,Liquidating Assets,False,False,False,False,False,75,Healthy
BRITANNIA,Britannia Industries Ltd,Mar 2023,2023,2526.0,-1507.0,-1028.0,-9.0,16301.0,2831.0,2316.0,1019.0,1.0906735751295338,High Quality,9.24483160542298,Capital Intensive,35.99434828682445,+,-,-,Shareholder Returns,False,False,False,False,False,95,Strong
BRITANNIA,Britannia Industries Ltd,Mar 2024,2024,2573.0,477.0,-2830.0,219.0,16769.0,3167.0,2134.0,3050.0,1.2057169634489222,High Quality,2.844534557815016,Asset Light,96.30565203662772,+,+,-,Liquidating Assets,False,False,False,False,False,85,Strong
CANBK,Canara Bank,Mar 2013,2013,8010.0,-435.0,-1043.0,6532.0,34070.0,7217.0,2995.0,7575.0,2.674457429048414,High Quality,1.2767830936307603,Asset Light,104.96050990716364,+,-,-,Shareholder Returns,False,False,False,False,False,95,Strong
CANBK,Canara Bank,Mar 2014,2014,14244.0,-380.0,-3771.0,10092.0,39570.0,9636.0,2672.0,13864.0,5.330838323353293,High Quality,0.960323477381855,Asset Light,143.87712743877128,+,-,-,Shareholder Returns,False,False,False,False,False,95,Strong
CANBK,Canara Bank,Mar 2015,2015,6344.0,-1104.0,-1464.0,3776.0,43813.0,10302.0,2931.0,5240.0,2.1644489935175706,High Quality,2.5198000593431176,Asset Light,50.863909920403806,+,-,-,Shareholder Returns,False,False,False,False,False,95,Strong
CANBK,Canara Bank,Mar 2016,2016,9346.0,-443.0,-806.0,8096.0,44039.0,17785.0,-2535.0,8903.0,-3.686785009861933,Accrual Risk,1.0059265650900338,Asset Light,50.059038515603035,+,-,-,Reinvestor,False,False,False,False,False,55,Watch
CANBK,Canara Bank,Mar 2017,2017,2575.0,-476.0,124.0,2224.0,41457.0,15691.0,1411.0,2099.0,1.824946846208363,High Quality,1.1481776298333213,Asset Light,13.377095150086035,+,-,+,Mixed,False,False,False,False,False,85,Strong
CANBK,Canara Bank,Mar 2018,2018,-11120.0,-487.0,2865.0,-8743.0,41345.0,25582.0,-3873.0,-11607.0,2.871159308029951,High Quality,1.1778933365582296,Asset Light,-45.37174575873661,-,-,+,Growth Funded by Debt,False,True,True,True,True,30,Distress
CANBK,Canara Bank,Mar 2019,2019,18237.0,-745.0,-1185.0,16307.0,47951.0,27202.0,696.0,17492.0,26.20258620689655,High Quality,1.5536693708160414,Asset Light,64.30409528711124,+,-,-,Shareholder Returns,False,False,False,False,False,95,Strong
CANBK,Canara Bank,Mar 2020,2020,-5289.0,-445.0,7792.0,2059.0,49759.0,26809.0,-1921.0,-5734.0,2.7532535137948986,High Quality,0.8943105769810487,Asset Light,-21.388339736655603,-,-,+,Growth Funded by Debt,False,True,True,True,True,30,Distress
CANBK,Canara Bank,Mar 2021,2021,59118.0,-1116.0,290.0,58291.0,70253.0,43437.0,2957.0,58002.0,19.99256002705445,High Quality,1.5885442614550267,Asset Light,133.53132122384142,+,-,+,Mixed,False,False,False,False,False,85,Strong
CANBK,Canara Bank,Mar 2022,2022,919.0,-1429.0,4035.0,3525.0,70614.0,41235.0,6158.0,-510.0,0.14923676518350112,Accrual Risk,2.0236780241878383,Asset Light,-1.2368133866860678,+,-,+,Mixed,False,False,False,False,False,15,Distress
CANBK,Canara Bank,Mar 2023,2023,-39978.0,-1156.0,445.0,-40689.0,85885.0,42772.0,11345.0,-41134.0,-3.523843102688409,Accrual Risk,1.3459859113931418,Asset Light,-96.17039184513233,-,-,+,Growth Funded by Debt,False,True,True,True,True,0,Distress
CANBK,Canara Bank,Mar 2024,2024,15046.0,-1750.0,-3834.0,9462.0,110519.0,46146.0,15401.0,13296.0,0.9769495487306019,Moderate,1.583438141857961,Asset Light,28.81289819269276,+,-,-,Reinvestor,False,False,False,False,False,85,Strong
CHOLAFIN,Cholamandalam Investment & Finance Company Ltd,Mar 2013,2013,-3754.0,5.0,4067.0,317.0,2570.0,688.0,308.0,-3749.0,-12.188311688311689,Accrual Risk,0.19455252918287938,Asset Light,-544.9127906976744,-,+,+,Distress Signal,False,True,True,True,True,0,Distress
CHOLAFIN,Cholamandalam Investment & Finance Company Ltd,Mar 2014,2014,-2447.0,-83.0,2749.0,219.0,3279.0,932.0,368.0,-2530.0,-6.649456521739131,Accrual Risk,2.531259530344617,Asset Light,-271.45922746781116,-,-,+,Growth Funded by Debt,False,True,True,True,True,0,Distress
CHOLAFIN,Cholamandalam Investment & Finance Company Ltd,Mar 2015,2015,-2264.0,-40.0,1819.0,-485.0,3715.0,1061.0,444.0,-2304.0,-5.099099099099099,Accrual Risk,1.0767160161507403,Asset Light,-217.15362865221488,-,-,+,Growth Funded by Debt,True,True,True,True,True,0,Distress
CHOLAFIN,Cholamandalam Investment & Finance Company Ltd,Mar 2016,2016,-2809.0,-137.0,3031.0,85.0,4214.0,1266.0,575.0,-2946.0,-4.885217391304348,Accrual Risk,3.251067869008068,Moderate,-232.70142180094786,-,-,+,Growth Funded by Debt,True,True,True,True,True,0,Distress
CHOLAFIN,Cholamandalam Investment & Finance Company Ltd,Mar 2017,2017,-1468.0,-222.0,1692.0,2.0,4694.0,1322.0,718.0,-1690.0,-2.0445682451253484,Accrual Risk,4.729441840647635,Moderate,-127.83661119515885,-,-,+,Growth Funded by Debt,True,True,True,True,True,0,Distress
CHOLAFIN,Cholamandalam Investment & Finance Company Ltd,Mar 2018,2018,-7926.0,-60.0,8009.0,22.0,5559.0,1451.0,918.0,-7986.0,-8.633986928104575,Accrual Risk,1.0793308148947653,Asset Light,-550.3790489317712,-,-,+,Growth Funded by Debt,True,True,True,True,True,0,Distress
CHOLAFIN,Cholamandalam Investment & Finance Company Ltd,Mar 2019,2019,-9317.0,-11.0,12191.0,2862.0,7108.0,1632.0,1197.0,-9328.0,-7.783625730994152,Accrual Risk,0.15475520540236354,Asset Light,-571.5686274509804,-,-,+,Growth Funded by Debt,True,True,True,True,True,0,Distress
CHOLAFIN,Cholamandalam Investment & Finance Company Ltd,Mar 2020,2020,-2075.0,-54.0,2452.0,323.0,8712.0,2421.0,1054.0,-2129.0,-1.9686907020872866,Accrual Risk,0.6198347107438017,Asset Light,-87.938868236266,-,-,+,Growth Funded by Debt,True,True,True,True,True,0,Distress
CHOLAFIN,Cholamandalam Investment & Finance Company Ltd,Mar 2021,2021,-8848.0,-1746.0,8707.0,-1888.0,9583.0,2913.0,1521.0,-10594.0,-5.817225509533202,Accrual Risk,18.21976416571011,Capital Intensive,-363.68005492619295,-,-,+,Growth Funded by Debt,True,True,True,True,True,0,Distress
CHOLAFIN,Cholamandalam Investment & Finance Company Ltd,Mar 2022,2022,-5571.0,1640.0,5150.0,1218.0,10148.0,2926.0,2154.0,-3931.0,-2.586350974930362,Accrual Risk,16.160819865983445,Capital Intensive,-134.34723171565278,-,+,+,Distress Signal,True,True,True,True,True,0,Distress
CHOLAFIN,Cholamandalam Investment & Finance Company Ltd,Mar 2023,2023,-27105.0,-2148.0,27466.0,-1787.0,12884.0,3621.0,2665.0,-29253.0,-10.170731707317072,Accrual Risk,16.671841043154302,Capital Intensive,-807.870753935377,-,-,+,Growth Funded by Debt,True,True,True,True,True,0,Distress
CHOLAFIN,Cholamandalam Investment & Finance Company Ltd,Mar 2024,2024,-35683.0,-2855.0,38471.0,-66.0,19163.0,5385.0,3420.0,-38538.0,-10.433625730994152,Accrual Risk,14.898502322183374,Capital Intensive,-715.6545961002786,-,-,+,Growth Funded by Debt,True,True,True,True,True,0,Distress
CIPLA,Cipla Ltd,Mar 2013,2013,1398.0,-2063.0,718.0,53.0,8279.0,6065.0,1545.0,-665.0,0.9048543689320389,Moderate,24.918468414059667,Capital Intensive,-10.964550700741963,+,-,+,Mixed,False,False,False,False,False,45,Watch
CIPLA,Cipla Ltd,Mar 2014,2014,1563.0,-1265.0,-266.0,33.0,10173.0,8026.0,1404.0,298.0,1.1132478632478633,High Quality,12.434876634227859,Capital Intensive,3.712932967854473,+,-,-,Shareholder Returns,False,False,False,False,False,95,Strong
CIPLA,Cipla Ltd,Mar 2015,2015,1173.0,-950.0,165.0,388.0,11345.0,9183.0,1229.0,223.0,0.9544344995931652,Moderate,8.373732921992067,Capital Intensive,2.428400304911249,+,-,+,Mixed,False,False,False,False,False,75,Healthy
CIPLA,Cipla Ltd,Mar 2016,2016,1741.0,-4533.0,3104.0,312.0,13790.0,11310.0,1383.0,-2792.0,1.2588575560375994,High Quality,32.871646120377086,Capital Intensive,-24.68611847922193,+,-,+,Mixed,False,False,False,False,False,55,Watch
CIPLA,Cipla Ltd,Mar 2017,2017,2382.0,-1304.0,-1326.0,-248.0,14394.0,11898.0,1035.0,1078.0,2.301449275362319,High Quality,9.059330276504099,Capital Intensive,9.060346276685157,+,-,-,Shareholder Returns,False,False,False,False,False,95,Strong
CIPLA,Cipla Ltd,Mar 2018,2018,1463.0,-834.0,-385.0,243.0,15156.0,12329.0,1417.0,629.0,1.0324629498941424,High Quality,5.5027711797308,Moderate,5.1017925216968125,+,-,-,Shareholder Returns,False,False,False,False,False,95,Strong
CIPLA,Cipla Ltd,Mar 2019,2019,1691.0,-1688.0,-349.0,-345.0,16362.0,13265.0,1492.0,3.0,1.133378016085791,High Quality,10.316587214276982,Capital Intensive,0.022615906520919715,+,-,-,Shareholder Returns,False,False,False,False,False,95,Strong
CIPLA,Cipla Ltd,Mar 2020,2020,3068.0,114.0,-2949.0,234.0,17132.0,13926.0,1500.0,3182.0,2.0453333333333332,High Quality,0.6654214335745973,Asset Light,22.84934654602901,+,+,-,Liquidating Assets,False,False,False,False,False,85,Strong
CIPLA,Cipla Ltd,Mar 2021,2021,3755.0,-2374.0,-1240.0,141.0,19160.0,14907.0,2389.0,1381.0,1.571787358727501,High Quality,12.390396659707724,Capital Intensive,9.264104112162071,+,-,-,Shareholder Returns,False,False,False,False,False,95,Strong
CIPLA,Cipla Ltd,Mar 2022,2022,3326.0,-1858.0,-1600.0,-132.0,21763.0,17211.0,2547.0,1468.0,1.3058500196309384,High Quality,8.537425906354823,Capital Intensive,8.529428853640114,+,-,-,Shareholder Returns,False,False,False,False,False,95,Strong
CIPLA,Cipla Ltd,Mar 2023,2023,3238.0,-2376.0,-958.0,-97.0,22753.0,17726.0,2833.0,862.0,1.1429579950582422,High Quality,10.442579000571353,Capital Intensive,4.862913234796344,+,-,-,Shareholder Returns,False,False,False,False,False,95,Strong
CIPLA,Cipla Ltd,Mar 2024,2024,4134.0,-2982.0,-1200.0,-49.0,25774.0,19483.0,4154.0,1152.0,0.9951853635050554,Moderate,11.569799022270505,Capital Intensive,5.912847097469589,+,-,-,Reinvestor,False,False,False,False,False,85,Strong
COALINDIA,Coal India Ltd,Mar 2013,2013,9109.0,-1833.0,-7852.0,-575.0,68303.0,50216.0,17356.0,7276.0,0.5248329108089421,Moderate,2.683630294423378,Asset Light,14.489405767086188,+,-,-,Reinvestor,False,False,False,False,False,85,Strong
COALINDIA,Coal India Ltd,Mar 2014,2014,14525.0,8580.0,-25350.0,-2246.0,70608.0,52842.0,15112.0,23105.0,0.9611566966649021,Moderate,12.151597552685248,Capital Intensive,43.724688694598996,+,+,-,Liquidating Assets,False,False,False,False,False,75,Healthy
COALINDIA,Coal India Ltd,Mar 2015,2015,14382.0,894.0,-15026.0,250.0,74120.0,56777.0,13727.0,15276.0,1.0477161797916514,High Quality,1.2061521856449002,Asset Light,26.90526093312433,+,+,-,Liquidating Assets,False,False,False,False,False,85,Strong
COALINDIA,Coal India Ltd,Mar 2016,2016,13154.0,8154.0,-19587.0,1721.0,77861.0,59147.0,14267.0,21308.0,0.9219878040232705,Moderate,10.472508701403784,Capital Intensive,36.02549579860348,+,+,-,Liquidating Assets,False,False,False,False,False,75,Healthy
COALINDIA,Coal India Ltd,Mar 2017,2017,16461.0,455.0,-17598.0,-682.0,78164.0,65716.0,9280.0,16916.0,1.7738146551724139,High Quality,0.5821094109820377,Asset Light,25.741067624322845,+,+,-,Liquidating Assets,False,False,False,False,False,85,Strong
COALINDIA,Coal India Ltd,Mar 2018,2018,21115.0,-7747.0,-13564.0,-196.0,85244.0,75956.0,7038.0,13368.0,3.000142085819835,High Quality,9.088029656046173,Capital Intensive,17.59966296276792,+,-,-,Shareholder Returns,False,False,False,False,False,95,Strong
COALINDIA,Coal India Ltd,Mar 2019,2019,16356.0,-7896.0,-10885.0,-2426.0,99586.0,74579.0,17464.0,8460.0,0.9365551992670637,Moderate,7.928825336894745,Moderate,11.343675833679722,+,-,-,Reinvestor,False,False,False,False,False,85,Strong
COALINDIA,Coal India Ltd,Mar 2020,2020,4977.0,1033.0,-4791.0,1219.0,96080.0,74500.0,16700.0,6010.0,0.2980239520958084,Accrual Risk,1.0751457119067445,Asset Light,8.067114093959733,+,+,-,Liquidating Assets,False,False,False,False,False,45,Watch
COALINDIA,Coal India Ltd,Mar 2021,2021,10592.0,182.0,-8453.0,2321.0,90026.0,71398.0,12702.0,10774.0,0.8338844276491891,Moderate,0.20216381934107922,Asset Light,15.090058545057284,+,+,-,Liquidating Assets,False,False,False,False,False,75,Healthy
COALINDIA,Coal India Ltd,Mar 2022,2022,41107.0,-25715.0,-13441.0,1951.0,109715.0,84995.0,17378.0,15392.0,2.365462078490045,High Quality,23.43799845053092,Capital Intensive,18.109300547091006,+,-,-,Shareholder Returns,False,False,False,False,False,95,Strong
COALINDIA,Coal India Ltd,Mar 2023,2023,35734.0,-23465.0,-13704.0,-1436.0,138252.0,94020.0,31723.0,12269.0,1.1264382309365444,High Quality,16.972629690709716,Capital Intensive,13.049351201871943,+,-,-,Shareholder Returns,False,False,False,False,False,95,Strong
COALINDIA,Coal India Ltd,Mar 2024,2024,18103.0,-4486.0,-13899.0,-282.0,142324.0,94352.0,37369.0,13617.0,0.48443897348069254,Accrual Risk,3.151963126387679,Moderate,14.432126505002543,+,-,-,Reinvestor,False,False,False,False,False,55,Watch
DABUR,Dabur India Ltd,Mar 2013,2013,870.0,-622.0,-234.0,13.0,6140.0,992.0,766.0,248.0,1.1357702349869452,High Quality,10.13029315960912,Capital Intensive,25.0,+,-,-,Shareholder Returns,False,False,False,False,False,95,Strong
DABUR,Dabur India Ltd,Mar 2014,2014,1098.0,-104.0,-804.0,190.0,7058.0,1162.0,916.0,994.0,1.1986899563318778,High Quality,1.4735052422782657,Asset Light,85.54216867469879,+,-,-,Shareholder Returns,False,False,False,False,False,95,Strong
DABUR,Dabur India Ltd,Mar 2015,2015,1047.0,-876.0,-417.0,-245.0,7795.0,1320.0,1068.0,171.0,0.9803370786516854,Moderate,11.237973059653624,Capital Intensive,12.954545454545455,+,-,-,Reinvestor,False,False,False,False,False,85,Strong
DABUR,Dabur India Ltd,Mar 2016,2016,1187.0,-730.0,-374.0,82.0,7780.0,1518.0,1254.0,457.0,0.9465709728867624,Moderate,9.383033419023135,Capital Intensive,30.10540184453228,+,-,-,Reinvestor,False,False,False,False,False,85,Strong
DABUR,Dabur India Ltd,Mar 2017,2017,1227.0,-807.0,-339.0,81.0,7614.0,1512.0,1280.0,420.0,0.95859375,Moderate,10.598896769109535,Capital Intensive,27.77777777777778,+,-,-,Reinvestor,False,False,False,False,False,85,Strong
DABUR,Dabur India Ltd,Mar 2018,2018,1092.0,-541.0,-577.0,-27.0,7722.0,1617.0,1358.0,551.0,0.8041237113402062,Moderate,7.005957005957006,Moderate,34.07544836116265,+,-,-,Reinvestor,False,False,False,False,False,85,Strong
DABUR,Dabur India Ltd,Mar 2019,2019,1499.0,338.0,-1888.0,-51.0,8515.0,1740.0,1446.0,1837.0,1.0366528354080222,High Quality,3.969465648854962,Moderate,105.57471264367817,+,+,-,Liquidating Assets,False,False,False,False,False,85,Strong
DABUR,Dabur India Ltd,Mar 2020,2020,1614.0,-517.0,-1043.0,54.0,8685.0,1792.0,1448.0,1097.0,1.1146408839779005,High Quality,5.952792170408751,Moderate,61.21651785714286,+,-,-,Shareholder Returns,False,False,False,False,False,95,Strong
DABUR,Dabur India Ltd,Mar 2021,2021,2115.0,-1404.0,-613.0,97.0,9562.0,2002.0,1695.0,711.0,1.247787610619469,High Quality,14.683120686048944,Capital Intensive,35.514485514485514,+,-,-,Shareholder Returns,False,False,False,False,False,95,Strong
DABUR,Dabur India Ltd,Mar 2022,2022,1802.0,-1273.0,-490.0,38.0,10889.0,2252.0,1742.0,529.0,1.034443168771527,High Quality,11.690697033703739,Capital Intensive,23.490230905861456,+,-,-,Shareholder Returns,False,False,False,False,False,95,Strong
DABUR,Dabur India Ltd,Mar 2023,2023,1488.0,-583.0,-1035.0,-130.0,11530.0,2162.0,1701.0,905.0,0.8747795414462081,Moderate,5.056374674761492,Moderate,41.859389454209065,+,-,-,Reinvestor,False,False,False,False,False,85,Strong
DABUR,Dabur India Ltd,Mar 2024,2024,2013.0,-971.0,-1161.0,-119.0,12404.0,2400.0,1811.0,1042.0,1.1115405853119824,High Quality,7.828119961302805,Moderate,43.416666666666664,+,-,-,Shareholder Returns,False,False,False,False,False,95,Strong
DIVISLAB,Divis Laboratories Ltd,Mar 2013,2013,480.0,-255.0,-231.0,-5.0,2145.0,816.0,602.0,225.0,0.7973421926910299,Moderate,11.888111888111888,Capital Intensive,27.573529411764707,+,-,-,Reinvestor,False,False,False,False,False,85,Strong
DIVISLAB,Divis Laboratories Ltd,Mar 2014,2014,557.0,-305.0,-248.0,3.0,2532.0,1018.0,773.0,252.0,0.720569210866753,Moderate,12.045813586097946,Capital Intensive,24.75442043222004,+,-,-,Reinvestor,False,False,False,False,False,85,Strong
DIVISLAB,Divis Laboratories Ltd,Mar 2015,2015,826.0,-521.0,-303.0,3.0,3115.0,1173.0,852.0,305.0,0.9694835680751174,Moderate,16.725521669341894,Capital Intensive,26.001705029838025,+,-,-,Reinvestor,False,False,False,False,False,85,Strong
DIVISLAB,Divis Laboratories Ltd,Mar 2016,2016,1038.0,-406.0,-631.0,0.0,3776.0,1423.0,1126.0,632.0,0.9218472468916519,Moderate,10.752118644067798,Capital Intensive,44.41321152494729,+,-,-,Reinvestor,False,False,False,False,False,85,Strong
DIVISLAB,Divis Laboratories Ltd,Mar 2017,2017,1150.0,-1140.0,2.0,13.0,4064.0,1450.0,1060.0,10.0,1.0849056603773586,High Quality,28.051181102362204,Capital Intensive,0.6896551724137931,+,-,+,Mixed,False,False,False,False,False,85,Strong
DIVISLAB,Divis Laboratories Ltd,Mar 2018,2018,776.0,-478.0,-314.0,-17.0,3891.0,1269.0,877.0,298.0,0.8848346636259977,Moderate,12.284759701876125,Capital Intensive,23.483057525610718,+,-,-,Reinvestor,False,False,False,False,False,85,Strong
DIVISLAB,Divis Laboratories Ltd,Mar 2019,2019,954.0,-685.0,-246.0,23.0,4946.0,1874.0,1353.0,269.0,0.70509977827051,Moderate,13.849575414476345,Capital Intensive,14.354322305229456,+,-,-,Reinvestor,False,False,False,False,False,85,Strong
DIVISLAB,Divis Laboratories Ltd,Mar 2020,2020,1216.0,-83.0,-1091.0,41.0,5394.0,1826.0,1377.0,1133.0,0.8830791575889615,Moderate,1.538746755654431,Asset Light,62.048192771084345,+,-,-,Reinvestor,False,False,False,False,False,85,Strong
DIVISLAB,Divis Laboratories Ltd,Mar 2021,2021,1947.0,75.0,-35.0,1987.0,6969.0,2867.0,1984.0,2022.0,0.9813508064516129,Moderate,1.076194575979337,Asset Light,70.52668294384374,+,+,-,Liquidating Assets,False,False,False,False,False,75,Healthy
DIVISLAB,Divis Laboratories Ltd,Mar 2022,2022,1912.0,-2195.0,-532.0,-816.0,8960.0,3885.0,2960.0,-283.0,0.6459459459459459,Moderate,24.497767857142858,Capital Intensive,-7.284427284427284,+,-,-,Reinvestor,False,False,False,False,False,55,Watch
DIVISLAB,Divis Laboratories Ltd,Mar 2023,2023,2459.0,-2707.0,-797.0,-1045.0,7767.0,2370.0,1824.0,-248.0,1.3481359649122806,High Quality,34.852581434273205,Capital Intensive,-10.464135021097047,+,-,-,Shareholder Returns,False,False,False,False,False,65,Healthy
DIVISLAB,Divis Laboratories Ltd,Mar 2024,2024,1261.0,-269.0,-799.0,193.0,7845.0,2210.0,1600.0,992.0,0.788125,Moderate,3.4289356277884,Moderate,44.8868778280543,+,-,-,Reinvestor,False,False,False,False,False,85,Strong
DLF,DLF Ltd,Mar 2013,2013,2009.0,1995.0,-3951.0,52.0,7773.0,2633.0,667.0,4004.0,3.0119940029985006,High Quality,25.6657661134697,Capital Intensive,152.06988226357768,+,+,-,Liquidating Assets,False,False,False,False,False,85,Strong
DLF,DLF Ltd,Mar 2014,2014,1468.0,3924.0,-4532.0,860.0,8298.0,2493.0,590.0,5392.0,2.488135593220339,High Quality,47.288503253796094,Capital Intensive,216.2855996791015,+,+,-,Liquidating Assets,False,False,False,False,False,85,Strong
DLF,DLF Ltd,Mar 2015,2015,2037.0,98.0,-1547.0,588.0,7649.0,3014.0,507.0,2135.0,4.017751479289941,High Quality,1.2812132304876453,Asset Light,70.836098208361,+,+,-,Liquidating Assets,False,False,False,False,False,85,Strong
DLF,DLF Ltd,Mar 2016,2016,2957.0,-818.0,-1929.0,210.0,9926.0,3966.0,305.0,2139.0,9.695081967213115,High Quality,8.240983276244208,Capital Intensive,53.933434190620275,+,-,-,Shareholder Returns,False,False,False,False,False,95,Strong
DLF,DLF Ltd,Mar 2017,2017,-898.0,872.0,787.0,761.0,8221.0,3446.0,708.0,-26.0,-1.268361581920904,Accrual Risk,10.60698211896363,Capital Intensive,-0.7544979686593152,-,+,+,Distress Signal,False,True,True,True,True,0,Distress
DLF,DLF Ltd,Mar 2018,2018,270.0,-2102.0,-232.0,-2064.0,6707.0,2378.0,4477.0,-1832.0,0.060308242126423946,Accrual Risk,31.34039063664828,Capital Intensive,-77.03952901597981,+,-,-,Reinvestor,False,False,False,False,False,25,Distress
DLF,DLF Ltd,Mar 2019,2019,2043.0,3.0,875.0,2921.0,8366.0,2148.0,1314.0,2046.0,1.5547945205479452,High Quality,0.03585943103036098,Asset Light,95.25139664804469,+,+,+,Cash Accumulator,False,False,False,False,False,85,Strong
DLF,DLF Ltd,Mar 2020,2020,356.0,6508.0,-9522.0,-2658.0,6083.0,1146.0,-590.0,6864.0,-0.6033898305084746,Accrual Risk,106.98668420187407,Capital Intensive,598.9528795811518,+,+,-,Liquidating Assets,False,False,False,False,False,45,Watch
DLF,DLF Ltd,Mar 2021,2021,1460.0,150.0,-2184.0,-573.0,5414.0,1469.0,1083.0,1610.0,1.348107109879963,High Quality,2.7705947543405984,Asset Light,109.59836623553439,+,+,-,Liquidating Assets,False,False,False,False,False,85,Strong
DLF,DLF Ltd,Mar 2022,2022,2832.0,267.0,-3828.0,-729.0,5717.0,1743.0,1500.0,3099.0,1.888,High Quality,4.67028161623229,Moderate,177.79690189328744,+,+,-,Liquidating Assets,False,False,False,False,False,85,Strong
DLF,DLF Ltd,Mar 2023,2023,2375.0,-461.0,-2013.0,-98.0,5695.0,1726.0,2034.0,1914.0,1.1676499508357916,High Quality,8.094820017559263,Capital Intensive,110.89223638470452,+,-,-,Shareholder Returns,False,False,False,False,False,95,Strong
DLF,DLF Ltd,Mar 2024,2024,2539.0,-1529.0,177.0,1186.0,6427.0,2124.0,2724.0,1010.0,0.9320851688693098,Moderate,23.79025984129454,Capital Intensive,47.55178907721281,+,-,+,Mixed,False,False,False,False,False,75,Healthy
DMART,Avenue Supermarts Ltd,Mar 2013,2013,127.0,-231.0,118.0,14.0,3341.0,215.0,94.0,-104.0,1.351063829787234,High Quality,6.914097575576175,Moderate,-48.372093023255815,+,-,+,Mixed,False,False,False,False,False,55,Watch
DMART,Avenue Supermarts Ltd,Mar 2014,2014,198.0,-270.0,65.0,-7.0,4686.0,341.0,161.0,-72.0,1.2298136645962734,High Quality,5.761843790012804,Moderate,-21.114369501466275,+,-,+,Mixed,False,False,False,False,False,55,Watch
DMART,Avenue Supermarts Ltd,Mar 2015,2015,222.0,-474.0,234.0,-17.0,6439.0,456.0,212.0,-252.0,1.0471698113207548,High Quality,7.361391520422426,Moderate,-55.26315789473685,+,-,+,Mixed,True,False,False,False,True,35,Distress
DMART,Avenue Supermarts Ltd,Mar 2016,2016,433.0,-633.0,196.0,-3.0,8584.0,664.0,320.0,-200.0,1.353125,High Quality,7.374184529356944,Moderate,-30.120481927710845,+,-,+,Mixed,True,False,False,False,True,35,Distress
DMART,Avenue Supermarts Ltd,Mar 2017,2017,455.0,-2482.0,2025.0,-1.0,11898.0,969.0,479.0,-2027.0,0.9498956158663883,Moderate,20.860648848545974,Capital Intensive,-209.18472652218782,+,-,+,Mixed,True,False,False,False,True,25,Distress
DMART,Avenue Supermarts Ltd,Mar 2018,2018,730.0,464.0,-1159.0,34.0,15033.0,1353.0,806.0,1194.0,0.9057071960297767,Moderate,3.086542938867824,Moderate,88.24833702882484,+,+,-,Liquidating Assets,False,False,False,False,False,75,Healthy
DMART,Avenue Supermarts Ltd,Mar 2019,2019,807.0,-958.0,209.0,57.0,20005.0,1633.0,902.0,-151.0,0.8946784922394678,Moderate,4.788802799300175,Moderate,-9.246785058175137,+,-,+,Mixed,False,False,False,False,False,45,Watch
DMART,Avenue Supermarts Ltd,Mar 2020,2020,1280.0,-4657.0,3357.0,-19.0,24870.0,2128.0,1301.0,-3377.0,0.9838585703305149,Moderate,18.725371934057097,Capital Intensive,-158.6936090225564,+,-,+,Mixed,False,False,False,False,False,45,Watch
DMART,Avenue Supermarts Ltd,Mar 2021,2021,1375.0,-1110.0,-180.0,86.0,24143.0,1745.0,1099.0,265.0,1.2511373976342128,High Quality,4.59760593132585,Moderate,15.18624641833811,+,-,-,Shareholder Returns,False,False,False,False,False,95,Strong
DMART,Avenue Supermarts Ltd,Mar 2022,2022,1372.0,-1289.0,-179.0,-96.0,30976.0,2502.0,1492.0,83.0,0.9195710455764075,Moderate,4.161286157024794,Moderate,3.317346123101519,+,-,-,Reinvestor,False,False,False,False,False,85,Strong
DMART,Avenue Supermarts Ltd,Mar 2023,2023,2630.0,-2313.0,-205.0,112.0,42840.0,3639.0,2378.0,317.0,1.1059714045416316,High Quality,5.399159663865547,Moderate,8.711184391316296,+,-,-,Shareholder Returns,False,False,False,False,False,95,Strong
DMART,Avenue Supermarts Ltd,Mar 2024,2024,2746.0,-2468.0,-148.0,130.0,50789.0,4106.0,2536.0,278.0,1.082807570977918,High Quality,4.8593199314812265,Moderate,6.770579639551875,+,-,-,Shareholder Returns,False,False,False,False,False,95,Strong
DRREDDY,Dr Reddys Laboratories Ltd,Mar 2013,2013,1378.0,-1437.0,-157.0,-216.0,11833.0,2669.0,1527.0,-59.0,0.9024230517354289,Moderate,12.144004056452294,Capital Intensive,-2.210565754964406,+,-,-,Reinvestor,False,False,False,False,False,55,Watch
DRREDDY,Dr Reddys Laboratories Ltd,Mar 2014,2014,1970.0,-1604.0,-24.0,342.0,13415.0,3251.0,1963.0,366.0,1.0035659704533877,High Quality,11.956764815505032,Capital Intensive,11.258074438634265,+,-,-,Shareholder Returns,False,False,False,False,False,95,Strong
DRREDDY,Dr Reddys Laboratories Ltd,Mar 2015,2015,2524.0,-2370.0,-433.0,-280.0,15023.0,3508.0,2336.0,154.0,1.0804794520547945,High Quality,15.775810424016509,Capital Intensive,4.389965792474344,+,-,-,Shareholder Returns,False,False,False,False,False,95,Strong
DRREDDY,Dr Reddys Laboratories Ltd,Mar 2016,2016,3263.0,-1610.0,-1700.0,-47.0,15568.0,3585.0,2131.0,1653.0,1.5312060065696855,High Quality,10.341726618705035,Capital Intensive,46.10878661087866,+,-,-,Shareholder Returns,False,False,False,False,False,95,Strong
DRREDDY,Dr Reddys Laboratories Ltd,Mar 2017,2017,2144.0,-1890.0,-369.0,-114.0,14196.0,2472.0,1292.0,254.0,1.6594427244582044,High Quality,13.313609467455622,Capital Intensive,10.275080906148867,+,-,-,Shareholder Returns,False,False,False,False,False,95,Strong
DRREDDY,Dr Reddys Laboratories Ltd,Mar 2018,2018,1803.0,-1483.0,-444.0,-124.0,14281.0,2351.0,947.0,320.0,1.903907074973601,High Quality,10.384426860864085,Capital Intensive,13.611229264142919,+,-,-,Shareholder Returns,False,False,False,False,False,95,Strong
DRREDDY,Dr Reddys Laboratories Ltd,Mar 2019,2019,2870.0,-769.0,-2133.0,-31.0,15448.0,3178.0,1950.0,2101.0,1.471794871794872,High Quality,4.9779906784049714,Moderate,66.11076148521082,+,-,-,Shareholder Returns,False,False,False,False,False,95,Strong
DRREDDY,Dr Reddys Laboratories Ltd,Mar 2020,2020,2984.0,-495.0,-2516.0,-27.0,17517.0,2477.0,2026.0,2489.0,1.472852912142152,High Quality,2.825826340126734,Asset Light,100.48445700444087,+,-,-,Shareholder Returns,False,False,False,False,False,95,Strong
DRREDDY,Dr Reddys Laboratories Ltd,Mar 2021,2021,3570.0,-2255.0,-30.0,1286.0,19048.0,3874.0,1952.0,1315.0,1.8288934426229508,High Quality,11.838513229735405,Capital Intensive,33.9442436757873,+,-,-,Shareholder Returns,False,False,False,False,False,95,Strong
DRREDDY,Dr Reddys Laboratories Ltd,Mar 2022,2022,2811.0,-2565.0,-242.0,3.0,21545.0,3768.0,2182.0,246.0,1.2882676443629697,High Quality,11.90531445811093,Capital Intensive,6.528662420382165,+,-,-,Shareholder Returns,False,False,False,False,False,95,Strong
DRREDDY,Dr Reddys Laboratories Ltd,Mar 2023,2023,5888.0,-4109.0,-2686.0,-907.0,24670.0,6470.0,4507.0,1779.0,1.3064122476148214,High Quality,16.65585731657884,Capital Intensive,27.496136012364758,+,-,-,Shareholder Returns,False,False,False,False,False,95,Strong
DRREDDY,Dr Reddys Laboratories Ltd,Mar 2024,2024,4543.0,-4034.0,-376.0,133.0,28011.0,7933.0,5578.0,509.0,0.8144496235209753,Moderate,14.401485130841454,Capital Intensive,6.416235976301525,+,-,-,Reinvestor,False,False,False,False,False,85,Strong
EICHERMOT,Eicher Motors Ltd,Dec 2012,2012,496.0,-773.0,-111.0,-388.0,6390.0,550.0,475.0,-277.0,1.0442105263157895,High Quality,12.097026604068857,Capital Intensive,-50.36363636363637,+,-,-,Shareholder Returns,False,False,False,False,False,65,Healthy
EICHERMOT,Eicher Motors Ltd,Dec 2013,2013,716.0,-790.0,-47.0,-121.0,6810.0,715.0,525.0,-74.0,1.3638095238095238,High Quality,11.600587371512482,Capital Intensive,-10.34965034965035,+,-,-,Shareholder Returns,False,False,False,False,False,65,Healthy
EICHERMOT,Eicher Motors Ltd,Dec 2014,2014,1047.0,-1214.0,-162.0,-329.0,8738.0,1118.0,702.0,-167.0,1.4914529914529915,High Quality,13.893339436942092,Capital Intensive,-14.937388193202148,+,-,-,Shareholder Returns,True,False,False,False,True,45,Watch
EICHERMOT,Eicher Motors Ltd,Mar 2016,2016,1463.0,-1001.0,-466.0,-4.0,6173.0,1690.0,1338.0,462.0,1.093423019431988,High Quality,16.215778389761866,Capital Intensive,27.337278106508876,+,-,-,Shareholder Returns,False,False,False,False,False,95,Strong
EICHERMOT,Eicher Motors Ltd,Mar 2017,2017,1708.0,-1744.0,25.0,-10.0,7033.0,2174.0,1667.0,-36.0,1.0245950809838031,High Quality,24.797383762263614,Capital Intensive,-1.6559337626494939,+,-,+,Mixed,False,False,False,False,False,55,Watch
EICHERMOT,Eicher Motors Ltd,Mar 2018,2018,2482.0,-2145.0,-262.0,75.0,8965.0,2809.0,1960.0,337.0,1.2663265306122449,High Quality,23.92638036809816,Capital Intensive,11.997152011391954,+,-,-,Shareholder Returns,False,False,False,False,False,95,Strong
EICHERMOT,Eicher Motors Ltd,Mar 2019,2019,1575.0,-660.0,-292.0,623.0,9797.0,2904.0,2203.0,915.0,0.7149341806627326,Moderate,6.7367561498417885,Moderate,31.508264462809915,+,-,-,Reinvestor,False,False,False,False,False,85,Strong
EICHERMOT,Eicher Motors Ltd,Mar 2020,2020,1694.0,-1508.0,-858.0,-673.0,9154.0,2183.0,1827.0,186.0,0.9272030651340997,Moderate,16.473672711383003,Capital Intensive,8.520384791571232,+,-,-,Reinvestor,False,False,False,False,False,85,Strong
EICHERMOT,Eicher Motors Ltd,Mar 2021,2021,1691.0,-1625.0,-15.0,51.0,8720.0,1783.0,1347.0,66.0,1.2553823311061618,High Quality,18.63532110091743,Capital Intensive,3.701626472237801,+,-,-,Shareholder Returns,False,False,False,False,False,95,Strong
EICHERMOT,Eicher Motors Ltd,Mar 2022,2022,1527.0,-983.0,-593.0,-50.0,10298.0,2178.0,1677.0,544.0,0.9105545617173524,Moderate,9.545542823849292,Capital Intensive,24.97704315886134,+,-,-,Reinvestor,False,False,False,False,False,85,Strong
EICHERMOT,Eicher Motors Ltd,Mar 2023,2023,2823.0,-2397.0,-417.0,8.0,14442.0,3446.0,2914.0,426.0,0.9687714481811942,Moderate,16.597424179476526,Capital Intensive,12.362159024956473,+,-,-,Reinvestor,False,False,False,False,False,85,Strong
EICHERMOT,Eicher Motors Ltd,Mar 2024,2024,3724.0,-2834.0,-844.0,45.0,16536.0,4329.0,4001.0,890.0,0.9307673081729567,Moderate,17.138364779874212,Capital Intensive,20.559020559020556,+,-,-,Reinvestor,False,False,False,False,False,85,Strong
GAIL,GAIL (India) Ltd,Mar 2013,2013,6603.0,-8626.0,3642.0,1618.0,50974.0,7427.0,4367.0,-2023.0,1.5120219830547286,High Quality,16.9223525718994,Capital Intensive,-27.238454288407166,+,-,+,Mixed,False,False,False,False,False,55,Watch
GAIL,GAIL (India) Ltd,Mar 2014,2014,4615.0,-4466.0,-3.0,146.0,61765.0,7988.0,4786.0,149.0,0.9642707898035938,Moderate,7.230632235084594,Moderate,1.8652979469203805,+,-,-,Reinvestor,False,False,False,False,False,85,Strong
GAIL,GAIL (India) Ltd,Mar 2015,2015,4214.0,-2809.0,-3058.0,-1653.0,60557.0,5631.0,3160.0,1405.0,1.3335443037974684,High Quality,4.638604950707598,Moderate,24.951163203693838,+,-,-,Shareholder Returns,False,False,False,False,False,95,Strong
GAIL,GAIL (India) Ltd,Mar 2016,2016,3960.0,-904.0,-3028.0,29.0,52053.0,4536.0,1874.0,3056.0,2.113127001067236,High Quality,1.7366914490999559,Asset Light,67.3721340388007,+,-,-,Shareholder Returns,False,False,False,False,False,95,Strong
GAIL,GAIL (India) Ltd,Mar 2017,2017,6024.0,-334.0,-5275.0,415.0,48552.0,6021.0,3374.0,5690.0,1.7854179016004743,High Quality,0.6879222277146152,Asset Light,94.50257432320213,+,-,-,Shareholder Returns,False,False,False,False,False,95,Strong
GAIL,GAIL (India) Ltd,Mar 2018,2018,8769.0,-2660.0,-5252.0,858.0,54496.0,7802.0,4805.0,6109.0,1.8249739854318419,High Quality,4.881092190252496,Moderate,78.30043578569598,+,-,-,Shareholder Returns,False,False,False,False,False,95,Strong
GAIL,GAIL (India) Ltd,Mar 2019,2019,7984.0,-5701.0,-3364.0,-1081.0,76190.0,9938.0,6553.0,2283.0,1.2183732641538227,High Quality,7.4826092663079145,Moderate,22.97242906017307,+,-,-,Shareholder Returns,False,False,False,False,False,95,Strong
GAIL,GAIL (India) Ltd,Mar 2020,2020,8345.0,-8299.0,281.0,328.0,72518.0,9022.0,9515.0,46.0,0.8770362585391487,Moderate,11.444055269036653,Capital Intensive,0.509864774994458,+,-,+,Mixed,False,False,False,False,False,75,Healthy
GAIL,GAIL (India) Ltd,Mar 2021,2021,8993.0,-4640.0,-3471.0,882.0,57372.0,7245.0,6143.0,4353.0,1.463942699007,High Quality,8.087568848915847,Capital Intensive,60.082815734989644,+,-,-,Shareholder Returns,False,False,False,False,False,95,Strong
GAIL,GAIL (India) Ltd,Mar 2022,2022,9420.0,-5490.0,-3917.0,13.0,92770.0,15161.0,12304.0,3930.0,0.7656046814044213,Moderate,5.917861377600517,Moderate,25.921772970120706,+,-,-,Reinvestor,False,False,False,False,False,85,Strong
GAIL,GAIL (India) Ltd,Mar 2023,2023,3205.0,-7453.0,2972.0,-1276.0,145668.0,7500.0,5596.0,-4248.0,0.5727305218012866,Moderate,5.116429140236703,Moderate,-56.64,+,-,+,Mixed,False,False,False,False,False,45,Watch
GAIL,GAIL (India) Ltd,Mar 2024,2024,12586.0,-8226.0,-3457.0,902.0,133228.0,14314.0,9903.0,4360.0,1.270928001615672,High Quality,6.174377758429158,Moderate,30.459689814167945,+,-,-,Shareholder Returns,False,False,False,False,False,95,Strong
GODREJCP,Godrej Consumer Products Ltd,Mar 2013,2013,820.0,-865.0,282.0,237.0,6412.0,995.0,845.0,-45.0,0.9704142011834319,Moderate,13.490330630068623,Capital Intensive,-4.522613065326634,+,-,+,Mixed,False,False,False,False,False,45,Watch
GODREJCP,Godrej Consumer Products Ltd,Mar 2014,2014,1116.0,-494.0,-620.0,1.0,7599.0,1169.0,819.0,622.0,1.3626373626373627,High Quality,6.500855375707331,Moderate,53.207869974337044,+,-,-,Shareholder Returns,False,False,False,False,False,95,Strong
GODREJCP,Godrej Consumer Products Ltd,Mar 2015,2015,1027.0,-1236.0,-12.0,-221.0,8273.0,1379.0,976.0,-209.0,1.0522540983606556,High Quality,14.940166807687657,Capital Intensive,-15.155910079767947,+,-,-,Shareholder Returns,False,False,False,False,False,65,Healthy
GODREJCP,Godrej Consumer Products Ltd,Mar 2016,2016,847.0,-622.0,-202.0,23.0,8424.0,1657.0,831.0,225.0,1.0192539109506618,High Quality,7.383665716999051,Moderate,13.578756789378394,+,-,-,Shareholder Returns,False,False,False,False,False,95,Strong
GODREJCP,Godrej Consumer Products Ltd,Mar 2017,2017,1860.0,-2243.0,665.0,282.0,9268.0,1907.0,1308.0,-383.0,1.4220183486238531,High Quality,24.201553733275787,Capital Intensive,-20.08390141583639,+,-,+,Mixed,False,False,False,False,False,55,Watch
GODREJCP,Godrej Consumer Products Ltd,Mar 2018,2018,1723.0,-336.0,-1384.0,3.0,9847.0,2084.0,1634.0,1387.0,1.0544675642594858,High Quality,3.4122067634812634,Moderate,66.55470249520154,+,-,-,Shareholder Returns,False,False,False,False,False,95,Strong
GODREJCP,Godrej Consumer Products Ltd,Mar 2019,2019,1729.0,274.0,-2039.0,-36.0,10314.0,2132.0,2342.0,2003.0,0.7382578992314262,Moderate,2.6565832848555364,Asset Light,93.94934333958724,+,+,-,Liquidating Assets,False,False,False,False,False,75,Healthy
GODREJCP,Godrej Consumer Products Ltd,Mar 2020,2020,1588.0,-552.0,-1295.0,-259.0,9911.0,2154.0,1497.0,1036.0,1.0607882431529727,High Quality,5.569569165573605,Moderate,48.09656453110492,+,-,-,Shareholder Returns,False,False,False,False,False,95,Strong
GODREJCP,Godrej Consumer Products Ltd,Mar 2021,2021,2030.0,-292.0,-1816.0,-79.0,11029.0,2399.0,1721.0,1738.0,1.179546775130738,High Quality,2.64756550911234,Asset Light,72.4468528553564,+,-,-,Shareholder Returns,False,False,False,False,False,95,Strong
GODREJCP,Godrej Consumer Products Ltd,Mar 2022,2022,1451.0,-844.0,-380.0,227.0,12276.0,2409.0,1783.0,607.0,0.8137969713965227,Moderate,6.875203649397197,Moderate,25.197177251971777,+,-,-,Reinvestor,False,False,False,False,False,85,Strong
GODREJCP,Godrej Consumer Products Ltd,Mar 2023,2023,2151.0,-1754.0,-794.0,-398.0,13316.0,2443.0,1702.0,397.0,1.263807285546416,High Quality,13.172123760889157,Capital Intensive,16.250511665984448,+,-,-,Shareholder Returns,False,False,False,False,False,95,Strong
GODREJCP,Godrej Consumer Products Ltd,Mar 2024,2024,2070.0,-3435.0,1406.0,41.0,14096.0,2957.0,-561.0,-1365.0,-3.6898395721925135,Accrual Risk,24.36861520998865,Capital Intensive,-46.16165032127156,+,-,+,Mixed,False,False,False,False,False,15,Distress
GRASIM,Grasim Industries Ltd,Mar 2013,2013,4242.0,-5687.0,1348.0,-97.0,27909.0,5924.0,3778.0,-1445.0,1.1228163049232398,High Quality,20.376939338564622,Capital Intensive,-24.392302498311953,+,-,+,Mixed,False,False,False,False,False,55,Watch
GRASIM,Grasim Industries Ltd,Mar 2014,2014,3549.0,-2336.0,-1046.0,168.0,28331.0,4915.0,2954.0,1213.0,1.2014218009478672,High Quality,8.245384914051746,Capital Intensive,24.679552390640897,+,-,-,Shareholder Returns,False,False,False,False,False,95,Strong
GRASIM,Grasim Industries Ltd,Mar 2015,2015,4594.0,-2359.0,-2278.0,-42.0,31734.0,5144.0,2582.0,2235.0,1.7792408985282726,High Quality,7.433667359929413,Moderate,43.44867807153966,+,-,-,Shareholder Returns,False,False,False,False,False,95,Strong
GRASIM,Grasim Industries Ltd,Mar 2016,2016,5868.0,-4515.0,-1365.0,-11.0,34487.0,5911.0,3455.0,1353.0,1.6984081041968162,High Quality,13.091889697567199,Capital Intensive,22.889527998646592,+,-,-,Shareholder Returns,False,False,False,False,False,95,Strong
GRASIM,Grasim Industries Ltd,Mar 2017,2017,7288.0,-3509.0,-3799.0,-20.0,36068.0,7387.0,4246.0,3779.0,1.7164390014130946,High Quality,9.728845514029057,Capital Intensive,51.157438743739,+,-,-,Shareholder Returns,False,False,False,False,False,95,Strong
GRASIM,Grasim Industries Ltd,Mar 2018,2018,-4140.0,1546.0,3449.0,856.0,55894.0,11612.0,3688.0,-2594.0,-1.1225596529284165,Accrual Risk,2.7659498336136257,Asset Light,-22.338959696865313,-,+,+,Distress Signal,False,True,True,True,True,0,Distress
GRASIM,Grasim Industries Ltd,Mar 2019,2019,-1659.0,-2212.0,4158.0,287.0,77200.0,16640.0,2745.0,-3871.0,-0.6043715846994535,Accrual Risk,2.865284974093264,Asset Light,-23.263221153846153,-,-,+,Growth Funded by Debt,False,True,True,True,True,0,Distress
GRASIM,Grasim Industries Ltd,Mar 2020,2020,16620.0,-11364.0,-3418.0,1838.0,68252.0,10373.0,6639.0,5256.0,2.5033890646181653,High Quality,16.650061536658267,Capital Intensive,50.670008676371346,+,-,-,Shareholder Returns,False,False,False,False,False,95,Strong
GRASIM,Grasim Industries Ltd,Mar 2021,2021,15075.0,-7146.0,-8003.0,-75.0,76404.0,18635.0,6987.0,7929.0,2.157578359811078,High Quality,9.35291346002827,Capital Intensive,42.54896699758519,+,-,-,Shareholder Returns,False,False,False,False,False,95,Strong
GRASIM,Grasim Industries Ltd,Mar 2022,2022,7038.0,-1053.0,-6733.0,-748.0,95701.0,20431.0,11206.0,5985.0,0.6280563983580225,Moderate,1.1003019822154418,Asset Light,29.293720326954137,+,-,-,Reinvestor,False,False,False,False,False,85,Strong
GRASIM,Grasim Industries Ltd,Mar 2023,2023,-12685.0,-13712.0,26469.0,72.0,117627.0,21589.0,11078.0,-26397.0,-1.1450622856111212,Accrual Risk,11.657187550477357,Capital Intensive,-122.2706007689101,-,-,+,Growth Funded by Debt,False,True,True,True,True,0,Distress
GRASIM,Grasim Industries Ltd,Mar 2024,2024,-10719.0,-23114.0,33908.0,75.0,130978.0,27195.0,9926.0,-33833.0,-1.0798911948418295,Accrual Risk,17.647238467528897,Capital Intensive,-124.40889869461299,-,-,+,Growth Funded by Debt,False,True,True,True,True,0,Distress
HAL,Hindustan Aeronautics Ltd,Mar 2017,2017,-423.0,3021.0,-164.0,2433.0,17950.0,3236.0,2616.0,2598.0,-0.16169724770642202,Accrual Risk,16.83008356545961,Capital Intensive,80.28430160692213,-,+,-,Other,False,True,False,False,True,45,Watch
HAL,Hindustan Aeronautics Ltd,Mar 2018,2018,-734.0,594.0,-2540.0,-2680.0,18519.0,3460.0,1987.0,-140.0,-0.36940110719677904,Accrual Risk,3.2075166045682812,Moderate,-4.046242774566474,-,+,-,Other,False,True,False,False,True,15,Distress
HAL,Hindustan Aeronautics Ltd,Mar 2019,2019,-7694.0,5292.0,2321.0,-80.0,20008.0,4569.0,2346.0,-2402.0,-3.279624893435635,Accrual Risk,26.44942023190724,Capital Intensive,-52.571678704311665,-,+,+,Distress Signal,False,True,True,True,True,0,Distress
HAL,Hindustan Aeronautics Ltd,Mar 2020,2020,1537.0,-1334.0,64.0,266.0,21445.0,4880.0,2842.0,203.0,0.5408163265306123,Moderate,6.2205642340872,Moderate,4.159836065573771,+,-,+,Mixed,False,False,False,False,False,75,Healthy
HAL,Hindustan Aeronautics Ltd,Mar 2021,2021,15124.0,-1190.0,-7070.0,6864.0,22882.0,5341.0,3239.0,13934.0,4.669342389626428,High Quality,5.200594353640416,Moderate,260.88747425575735,+,-,-,Shareholder Returns,False,False,False,False,False,95,Strong
HAL,Hindustan Aeronautics Ltd,Mar 2022,2022,10180.0,-12789.0,-1464.0,-4072.0,24620.0,5420.0,5086.0,-2609.0,2.0015729453401496,High Quality,51.94557270511779,Capital Intensive,-48.13653136531365,+,-,-,Shareholder Returns,False,False,False,False,False,65,Healthy
HAL,Hindustan Aeronautics Ltd,Mar 2023,2023,8836.0,-5734.0,-1731.0,1370.0,26928.0,6669.0,5811.0,3102.0,1.5205644467389434,High Quality,21.29382055852644,Capital Intensive,46.51372019793072,+,-,-,Shareholder Returns,False,False,False,False,False,95,Strong
HAL,Hindustan Aeronautics Ltd,Mar 2024,2024,8226.0,-6412.0,-1999.0,-185.0,30381.0,9749.0,7595.0,1814.0,1.0830809743252139,High Quality,21.105296073203647,Capital Intensive,18.607036619140423,+,-,-,Shareholder Returns,False,False,False,False,False,95,Strong
HAVELLS,Havells India Ltd,Mar 2013,2013,638.0,-144.0,-252.0,242.0,7135.0,674.0,581.0,494.0,1.0981067125645438,High Quality,2.018220042046251,Asset Light,73.29376854599407,+,-,-,Shareholder Returns,False,False,False,False,False,95,Strong
HAVELLS,Havells India Ltd,Mar 2014,2014,868.0,-376.0,-310.0,183.0,8051.0,777.0,446.0,492.0,1.946188340807175,High Quality,4.6702273009564035,Moderate,63.32046332046332,+,-,-,Shareholder Returns,False,False,False,False,False,95,Strong
HAVELLS,Havells India Ltd,Mar 2015,2015,963.0,-485.0,-754.0,-277.0,8468.0,755.0,385.0,478.0,2.501298701298701,High Quality,5.727444496929617,Moderate,63.3112582781457,+,-,-,Shareholder Returns,False,False,False,False,False,95,Strong
HAVELLS,Havells India Ltd,Mar 2016,2016,513.0,-121.0,-621.0,-229.0,7594.0,796.0,1300.0,392.0,0.3946153846153846,Accrual Risk,1.5933631814590465,Asset Light,49.246231155778894,+,-,-,Reinvestor,False,False,False,False,False,55,Watch
HAVELLS,Havells India Ltd,Mar 2017,2017,767.0,-220.0,-98.0,450.0,6130.0,815.0,494.0,547.0,1.5526315789473684,High Quality,3.588907014681892,Moderate,67.11656441717791,+,-,-,Shareholder Returns,False,False,False,False,False,95,Strong
HAVELLS,Havells India Ltd,Mar 2018,2018,1100.0,-946.0,-409.0,-255.0,8116.0,1033.0,661.0,154.0,1.6641452344931922,High Quality,11.65598817151306,Capital Intensive,14.908034849951598,+,-,-,Shareholder Returns,False,False,False,False,False,95,Strong
HAVELLS,Havells India Ltd,Mar 2019,2019,501.0,185.0,-318.0,368.0,10073.0,1189.0,788.0,686.0,0.6357868020304569,Moderate,1.8365928720341504,Asset Light,57.695542472666105,+,+,-,Liquidating Assets,False,False,False,False,False,75,Healthy
HAVELLS,Havells India Ltd,Mar 2020,2020,827.0,-548.0,-716.0,-437.0,9440.0,1067.0,735.0,279.0,1.125170068027211,High Quality,5.805084745762712,Moderate,26.14807872539831,+,-,-,Shareholder Returns,False,False,False,False,False,95,Strong
HAVELLS,Havells India Ltd,Mar 2021,2021,660.0,-763.0,190.0,87.0,10457.0,1589.0,1044.0,-103.0,0.632183908045977,Moderate,7.296547767045998,Moderate,-6.482064191315293,+,-,+,Mixed,False,False,False,False,False,45,Watch
HAVELLS,Havells India Ltd,Mar 2022,2022,1728.0,-759.0,-547.0,421.0,13938.0,1775.0,1196.0,969.0,1.4448160535117056,High Quality,5.445544554455446,Moderate,54.59154929577464,+,-,-,Shareholder Returns,False,False,False,False,False,95,Strong
HAVELLS,Havells India Ltd,Mar 2023,2023,565.0,31.0,-907.0,-311.0,16911.0,1621.0,1072.0,596.0,0.5270522388059702,Moderate,0.1833126367453137,Asset Light,36.76742751388032,+,+,-,Liquidating Assets,False,False,False,False,False,75,Healthy
HAVELLS,Havells India Ltd,Mar 2024,2024,1953.0,-1618.0,-534.0,-199.0,18590.0,1881.0,1271.0,335.0,1.5365853658536586,High Quality,8.703604088219473,Capital Intensive,17.809675704412548,+,-,-,Shareholder Returns,False,False,False,False,False,95,Strong
HCLTECH,HCL Technologies Ltd,Jun 2013,2013,4492.0,-2361.0,-2086.0,44.0,25581.0,5680.0,4040.0,2131.0,1.111881188118812,High Quality,9.229506274187873,Capital Intensive,37.517605633802816,+,-,-,Shareholder Returns,False,False,False,False,False,95,Strong
HCLTECH,HCL Technologies Ltd,Jun 2014,2014,6457.0,-4842.0,-1308.0,307.0,32144.0,8035.0,6528.0,1615.0,0.9891237745098039,Moderate,15.063464410154307,Capital Intensive,20.099564405724955,+,-,-,Reinvestor,False,False,False,False,False,85,Strong
HCLTECH,HCL Technologies Ltd,Jun 2015,2015,5539.0,-2088.0,-3140.0,311.0,36701.0,8486.0,7342.0,3451.0,0.7544265867611005,Moderate,5.689218277431133,Moderate,40.66698090973368,+,-,-,Reinvestor,False,False,False,False,False,85,Strong
HCLTECH,HCL Technologies Ltd,Mar 2016,2016,3823.0,-2208.0,-2237.0,-623.0,31136.0,6654.0,5602.0,1615.0,0.682434844698322,Moderate,7.091469681397738,Moderate,24.27111511872558,+,-,-,Reinvestor,False,False,False,False,False,85,Strong
HCLTECH,HCL Technologies Ltd,Mar 2017,2017,8995.0,-3890.0,-4517.0,588.0,47568.0,10390.0,8606.0,5105.0,1.0452010225424122,High Quality,8.177766565758493,Capital Intensive,49.13378248315688,+,-,-,Shareholder Returns,False,False,False,False,False,95,Strong
HCLTECH,HCL Technologies Ltd,Mar 2018,2018,8328.0,-2236.0,-5714.0,378.0,50569.0,11246.0,8722.0,6092.0,0.9548268745700528,Moderate,4.421681267179498,Moderate,54.17037168771118,+,-,-,Reinvestor,False,False,False,False,False,85,Strong
HCLTECH,HCL Technologies Ltd,Mar 2019,2019,8971.0,-3256.0,-1471.0,4244.0,60427.0,13926.0,10120.0,5715.0,0.8864624505928854,Moderate,5.388319790821983,Moderate,41.03834554071521,+,-,-,Reinvestor,False,False,False,False,False,85,Strong
HCLTECH,HCL Technologies Ltd,Mar 2020,2020,13359.0,-12332.0,-3168.0,-2141.0,70676.0,17316.0,11057.0,1027.0,1.2081939043140093,High Quality,17.44863885901862,Capital Intensive,5.9309309309309315,+,-,-,Shareholder Returns,False,False,False,False,False,95,Strong
HCLTECH,HCL Technologies Ltd,Mar 2021,2021,19618.0,-5665.0,-11192.0,2761.0,75379.0,20048.0,11169.0,13953.0,1.756468797564688,High Quality,7.515355735682353,Moderate,69.59796488427773,+,-,-,Shareholder Returns,False,False,False,False,False,95,Strong
HCLTECH,HCL Technologies Ltd,Mar 2022,2022,16900.0,1597.0,-14508.0,3989.0,85651.0,20529.0,13523.0,18497.0,1.2497226946683428,High Quality,1.8645433211521172,Asset Light,90.10180719957134,+,+,-,Liquidating Assets,False,False,False,False,False,85,Strong
HCLTECH,HCL Technologies Ltd,Mar 2023,2023,18009.0,-3573.0,-15881.0,-1445.0,101456.0,22628.0,14845.0,14436.0,1.2131357359380264,High Quality,3.5217237028859802,Moderate,63.79706558246421,+,-,-,Shareholder Returns,False,False,False,False,False,95,Strong
HCLTECH,HCL Technologies Ltd,Mar 2024,2024,22448.0,-6608.0,-15464.0,376.0,109913.0,24198.0,15710.0,15840.0,1.428898790579249,High Quality,6.012027694631208,Moderate,65.45995536821225,+,-,-,Shareholder Returns,False,False,False,False,False,95,Strong
HDFCBANK,HDFC Bank Ltd,Mar 2013,2013,-5847.0,-902.0,13105.0,6356.0,35861.0,12631.0,6903.0,-6749.0,-0.8470230334637114,Accrual Risk,2.5152672820055213,Asset Light,-53.43203230148048,-,-,+,Growth Funded by Debt,False,True,True,True,True,0,Distress
HDFCBANK,HDFC Bank Ltd,Mar 2014,2014,4211.0,-1099.0,9270.0,12382.0,42555.0,13508.0,8768.0,3112.0,0.4802691605839416,Accrual Risk,2.5825402420397134,Asset Light,23.038199585430856,+,-,+,Mixed,False,False,False,False,False,45,Watch
HDFCBANK,HDFC Bank Ltd,Mar 2015,2015,-21281.0,-800.0,18694.0,-3387.0,50666.0,16164.0,10703.0,-22081.0,-1.9883210314864992,Accrual Risk,1.5789681443176884,Asset Light,-136.60603810937886,-,-,+,Growth Funded by Debt,False,True,True,True,True,0,Distress
HDFCBANK,HDFC Bank Ltd,Mar 2016,2016,-34435.0,-837.0,37815.0,2542.0,63162.0,20055.0,12821.0,-35272.0,-2.6858279385383357,Accrual Risk,1.3251638643488173,Asset Light,-175.87634006482173,-,-,+,Growth Funded by Debt,False,True,True,True,True,0,Distress
HDFCBANK,HDFC Bank Ltd,Mar 2017,2017,17282.0,-1146.0,-5893.0,10242.0,73271.0,23856.0,15317.0,16136.0,1.128288829405236,High Quality,1.5640567209400718,Asset Light,67.63916834339369,+,-,-,Shareholder Returns,False,False,False,False,False,95,Strong
HDFCBANK,HDFC Bank Ltd,Mar 2018,2018,17214.0,-842.0,57378.0,73750.0,85288.0,29532.0,18561.0,16372.0,0.9274284790690157,Moderate,0.9872432229621987,Asset Light,55.43816876608425,+,-,+,Mixed,False,False,False,False,False,75,Healthy
HDFCBANK,HDFC Bank Ltd,Mar 2019,2019,-62872.0,-1503.0,23131.0,-41244.0,105161.0,34856.0,22446.0,-64375.0,-2.801033591731266,Accrual Risk,1.4292370745808807,Asset Light,-184.68843240761993,-,-,+,Growth Funded by Debt,False,True,True,True,True,0,Distress
HDFCBANK,HDFC Bank Ltd,Mar 2020,2020,-16869.0,-1403.0,24394.0,6122.0,122189.0,45459.0,27296.0,-18272.0,-0.6180026377491208,Accrual Risk,1.1482211983075399,Asset Light,-40.194460942827604,-,-,+,Growth Funded by Debt,False,True,True,True,True,0,Distress
HDFCBANK,HDFC Bank Ltd,Mar 2021,2021,42476.0,-1823.0,-7321.0,33332.0,128552.0,52457.0,31857.0,40653.0,1.3333333333333333,High Quality,1.4181031800360944,Asset Light,77.4977600701527,+,-,-,Shareholder Returns,False,False,False,False,False,95,Strong
HDFCBANK,HDFC Bank Ltd,Mar 2022,2022,-11960.0,-2051.0,48124.0,34113.0,135936.0,56557.0,38151.0,-14011.0,-0.3134911273623234,Accrual Risk,1.5087982580037664,Asset Light,-24.773237618685574,-,-,+,Growth Funded by Debt,False,True,True,True,True,0,Distress
HDFCBANK,HDFC Bank Ltd,Mar 2023,2023,20814.0,-2992.0,23941.0,41762.0,170754.0,63042.0,46149.0,17822.0,0.45101735682246635,Accrual Risk,1.7522283518980521,Asset Light,28.270042194092827,+,-,+,Mixed,False,False,False,False,False,45,Watch
HDFCBANK,HDFC Bank Ltd,Mar 2024,2024,19069.0,16600.0,-3983.0,31687.0,283649.0,174196.0,65446.0,35669.0,0.2913699844146319,Accrual Risk,5.852303374945795,Moderate,20.47635996234127,+,+,-,Liquidating Assets,False,False,False,False,False,45,Watch
HDFCLIFE,HDFC Life Insurance Company Ltd,Mar 2013,2013,,,,,14060.0,13535.0,447.0,,,NOT_AVAILABLE,,NOT_AVAILABLE,,NA,NA,NA,NOT_AVAILABLE,False,False,False,False,False,50,Watch
HDFCLIFE,HDFC Life Insurance Company Ltd,Mar 2014,2014,,,,,17166.0,16561.0,725.0,,,NOT_AVAILABLE,,NOT_AVAILABLE,,NA,NA,NA,NOT_AVAILABLE,False,False,False,False,False,50,Watch
HDFCLIFE,HDFC Life Insurance Company Ltd,Mar 2015,2015,4459.0,-3514.0,-168.0,777.0,27215.0,26341.0,786.0,945.0,5.673027989821883,High Quality,12.911997060444607,Capital Intensive,3.587563114536274,+,-,-,Shareholder Returns,False,False,False,False,False,95,Strong
HDFCLIFE,HDFC Life Insurance Company Ltd,Mar 2016,2016,5687.0,-3962.0,-212.0,1513.0,18141.0,17187.0,817.0,1725.0,6.960832313341493,High Quality,21.840030869301582,Capital Intensive,10.036655611799617,+,-,-,Shareholder Returns,False,False,False,False,False,95,Strong
HDFCLIFE,HDFC Life Insurance Company Ltd,Mar 2017,2017,6230.0,-5177.0,-236.0,817.0,30647.0,29674.0,887.0,1053.0,7.023675310033822,High Quality,16.892354879759846,Capital Intensive,3.5485610298577877,+,-,-,Shareholder Returns,False,False,False,False,False,95,Strong
HDFCLIFE,HDFC Life Insurance Company Ltd,Mar 2018,2018,6739.0,-4421.0,-196.0,2122.0,32260.0,31186.0,1107.0,2318.0,6.087624209575429,High Quality,13.7042777433354,Capital Intensive,7.432822420316809,+,-,-,Shareholder Returns,False,False,False,False,False,95,Strong
HDFCLIFE,HDFC Life Insurance Company Ltd,Mar 2019,2019,9868.0,-10182.0,-337.0,-651.0,38855.0,37640.0,1278.0,-314.0,7.721439749608764,High Quality,26.205121605970916,Capital Intensive,-0.8342189160467587,+,-,-,Shareholder Returns,False,False,False,False,False,65,Healthy
HDFCLIFE,HDFC Life Insurance Company Ltd,Mar 2020,2020,7388.0,-7789.0,38.0,-364.0,29380.0,28239.0,1297.0,-401.0,5.696222050886662,High Quality,26.511232130701156,Capital Intensive,-1.4200219554516802,+,-,+,Mixed,False,False,False,False,False,55,Watch
HDFCLIFE,HDFC Life Insurance Company Ltd,Mar 2021,2021,9703.0,-8952.0,678.0,1429.0,71528.0,70294.0,1361.0,751.0,7.129316678912565,High Quality,12.515378592998546,Capital Intensive,1.0683699889037472,+,-,+,Mixed,False,False,False,False,False,85,Strong
HDFCLIFE,HDFC Life Insurance Company Ltd,Mar 2022,2022,5943.0,-801.0,-238.0,4904.0,67126.0,66348.0,1327.0,5142.0,4.47852298417483,High Quality,1.1932783124273754,Asset Light,7.750045216133117,+,-,-,Shareholder Returns,False,False,False,False,False,95,Strong
HDFCLIFE,HDFC Life Insurance Company Ltd,Mar 2023,2023,6883.0,-10071.0,1985.0,-1203.0,70207.0,70127.0,1368.0,-3188.0,5.031432748538012,High Quality,14.344723460623584,Capital Intensive,-4.546037902662313,+,-,+,Mixed,False,False,False,False,False,55,Watch
HDFCLIFE,HDFC Life Insurance Company Ltd,Mar 2024,2024,10721.0,-13614.0,-403.0,-3296.0,101482.0,100951.0,1574.0,-2893.0,6.81130876747141,High Quality,13.41518692970182,Capital Intensive,-2.865746748422502,+,-,-,Shareholder Returns,False,False,False,False,False,65,Healthy
HEROMOTOCO,Hero MotoCorp Ltd,Mar 2014,2014,2963.0,-1616.0,-1414.0,-66.0,25275.0,21722.0,2102.0,1347.0,1.4096098953377736,High Quality,6.393669634025717,Moderate,6.201086456127428,+,-,-,Shareholder Returns,False,False,False,False,False,95,Strong
HEROMOTOCO,Hero MotoCorp Ltd,Mar 2015,2015,2186.0,31.0,-2131.0,86.0,27538.0,24018.0,2364.0,2217.0,0.9247038917089678,Moderate,0.11257171907909072,Asset Light,9.2305770671996,+,+,-,Liquidating Assets,False,False,False,False,False,75,Healthy
HEROMOTOCO,Hero MotoCorp Ltd,Mar 2016,2016,3722.0,-2300.0,-1475.0,-53.0,28457.0,24033.0,3112.0,1422.0,1.1960154241645244,High Quality,8.082369891415118,Capital Intensive,5.916864311571588,+,-,-,Shareholder Returns,False,False,False,False,False,95,Strong
HEROMOTOCO,Hero MotoCorp Ltd,Mar 2017,2017,4007.0,-1972.0,-2036.0,-1.0,28610.0,24025.0,3546.0,2035.0,1.1300056401579244,High Quality,6.892694861936385,Moderate,8.470343392299688,+,-,-,Shareholder Returns,False,False,False,False,False,95,Strong
HEROMOTOCO,Hero MotoCorp Ltd,Mar 2018,2018,4017.0,-1858.0,-2102.0,57.0,32458.0,27124.0,3722.0,2159.0,1.0792584631918323,High Quality,5.724320660545936,Moderate,7.959740451260876,+,-,-,Shareholder Returns,False,False,False,False,False,95,Strong
HEROMOTOCO,Hero MotoCorp Ltd,Mar 2019,2019,1032.0,1298.0,-2252.0,78.0,33971.0,28946.0,3466.0,2330.0,0.2977495672244662,Accrual Risk,3.820906066939448,Moderate,8.049471429558489,+,+,-,Liquidating Assets,False,False,False,False,False,45,Watch
HEROMOTOCO,Hero MotoCorp Ltd,Mar 2020,2020,5518.0,-2819.0,-2602.0,97.0,29254.0,25184.0,3659.0,2699.0,1.508062312107133,High Quality,9.636289054488275,Capital Intensive,10.717121982210928,+,-,-,Shareholder Returns,False,False,False,False,False,95,Strong
HEROMOTOCO,Hero MotoCorp Ltd,Mar 2021,2021,4110.0,-2289.0,-1852.0,-31.0,30959.0,26902.0,2936.0,1821.0,1.3998637602179838,High Quality,7.393649665686876,Moderate,6.769013456248605,+,-,-,Shareholder Returns,False,False,False,False,False,95,Strong
HEROMOTOCO,Hero MotoCorp Ltd,Mar 2022,2022,2104.0,-222.0,-1975.0,-94.0,29551.0,26295.0,2329.0,1882.0,0.9033920137398025,Moderate,0.7512436127373016,Asset Light,7.157254230842365,+,-,-,Reinvestor,False,False,False,False,False,85,Strong
HEROMOTOCO,Hero MotoCorp Ltd,Mar 2023,2023,2614.0,-421.0,-2147.0,45.0,34158.0,30060.0,2800.0,2193.0,0.9335714285714286,Moderate,1.2325077580654604,Asset Light,7.295409181636726,+,-,-,Reinvestor,False,False,False,False,False,85,Strong
HEROMOTOCO,Hero MotoCorp Ltd,Mar 2024,2024,4923.0,-1828.0,-2717.0,379.0,37789.0,32554.0,3742.0,3095.0,1.3156066274719402,High Quality,4.8373865410569215,Moderate,9.507280211341156,+,-,-,Shareholder Returns,False,False,False,False,False,95,Strong
HINDALCO,Hindalco Industries Ltd,Mar 2013,2013,2977.0,-13801.0,10278.0,-545.0,80193.0,72494.0,3007.0,-10824.0,0.9900232790156301,Moderate,17.20973152270148,Capital Intensive,-14.930890832344746,+,-,+,Mixed,False,False,False,False,False,45,Watch
HINDALCO,Hindalco Industries Ltd,Mar 2014,2014,7956.0,-8095.0,1493.0,1353.0,87695.0,79671.0,2195.0,-139.0,3.624601366742597,High Quality,9.230856947374424,Capital Intensive,-0.17446749758381344,+,-,+,Mixed,False,False,False,False,False,55,Watch
HINDALCO,Hindalco Industries Ltd,Mar 2015,2015,7143.0,-3873.0,-2437.0,833.0,104281.0,95437.0,259.0,3270.0,27.57915057915058,High Quality,3.714003509747701,Moderate,3.4263440803881093,+,-,-,Shareholder Returns,False,False,False,False,False,95,Strong
HINDALCO,Hindalco Industries Ltd,Mar 2016,2016,11688.0,-3220.0,-8862.0,-394.0,98759.0,90981.0,-702.0,8468.0,-16.64957264957265,Accrual Risk,3.2604623376097366,Moderate,9.307437816687,+,-,-,Reinvestor,False,False,False,False,False,55,Watch
HINDALCO,Hindalco Industries Ltd,Mar 2017,2017,12687.0,-2876.0,-5552.0,4259.0,100184.0,87867.0,1882.0,9811.0,6.741232731137088,High Quality,2.8707178791024517,Asset Light,11.165739128455506,+,-,-,Shareholder Returns,False,False,False,False,False,95,Strong
HINDALCO,Hindalco Industries Ltd,Mar 2018,2018,10898.0,5333.0,-16412.0,-181.0,115183.0,101488.0,6083.0,16231.0,1.7915502219299688,High Quality,4.630023527777537,Moderate,15.99302380577014,+,+,-,Liquidating Assets,False,False,False,False,False,85,Strong
HINDALCO,Hindalco Industries Ltd,Mar 2019,2019,11977.0,-5456.0,-5466.0,1055.0,130542.0,115031.0,5495.0,6521.0,2.1796178343949046,High Quality,4.1794977861531155,Moderate,5.668906642557224,+,-,-,Shareholder Returns,False,False,False,False,False,95,Strong
HINDALCO,Hindalco Industries Ltd,Mar 2020,2020,12745.0,-7227.0,6656.0,12174.0,118144.0,103838.0,3767.0,5518.0,3.383328908946111,High Quality,6.117111321776815,Moderate,5.314046880718042,+,-,+,Mixed,False,False,False,False,False,85,Strong
HINDALCO,Hindalco Industries Ltd,Mar 2021,2021,17232.0,-25280.0,-4882.0,-12930.0,132008.0,114449.0,3483.0,-8048.0,4.9474590869939705,High Quality,19.150354523968243,Capital Intensive,-7.031953097012643,+,-,-,Shareholder Returns,False,False,False,False,False,65,Healthy
HINDALCO,Hindalco Industries Ltd,Mar 2022,2022,16838.0,-6773.0,-6765.0,3300.0,195059.0,166712.0,13730.0,10065.0,1.226365622723962,High Quality,3.472282745220677,Moderate,6.037357838667883,+,-,-,Shareholder Returns,False,False,False,False,False,95,Strong
HINDALCO,Hindalco Industries Ltd,Mar 2023,2023,19208.0,-7559.0,-10450.0,1199.0,223202.0,200536.0,10097.0,11649.0,1.9023472318510448,High Quality,3.3866183994767076,Moderate,5.808932062073643,+,-,-,Shareholder Returns,False,False,False,False,False,95,Strong
HINDALCO,Hindalco Industries Ltd,Mar 2024,2024,24056.0,-14267.0,-10817.0,-1028.0,215962.0,192090.0,10155.0,9789.0,2.368882323978336,High Quality,6.6062548040859035,Moderate,5.096048727159144,+,-,-,Shareholder Returns,False,False,False,False,False,95,Strong
HINDUNILVR,Hindustan Unilever Ltd,Mar 2013,2013,3605.0,63.0,-4147.0,-480.0,27004.0,22784.0,3839.0,3668.0,0.9390466267257098,Moderate,0.23329877055251075,Asset Light,16.099016853932586,+,+,-,Liquidating Assets,False,False,False,False,False,75,Healthy
HINDUNILVR,Hindustan Unilever Ltd,Mar 2014,2014,3818.0,-475.0,-2960.0,383.0,29234.0,24475.0,3956.0,3343.0,0.9651162790697675,Moderate,1.6248204145857565,Asset Light,13.658835546475995,+,-,-,Reinvestor,False,False,False,False,False,85,Strong
HINDUNILVR,Hindustan Unilever Ltd,Mar 2015,2015,3292.0,138.0,-3462.0,-33.0,31972.0,26560.0,4376.0,3430.0,0.7522851919561243,Moderate,0.4316276742149381,Asset Light,12.914156626506024,+,+,-,Liquidating Assets,False,False,False,False,False,75,Healthy
HINDUNILVR,Hindustan Unilever Ltd,Mar 2016,2016,4171.0,-282.0,-3864.0,25.0,32186.0,26276.0,4151.0,3889.0,1.0048181161165983,High Quality,0.8761573354874791,Asset Light,14.800578474653674,+,-,-,Shareholder Returns,False,False,False,False,False,95,Strong
HINDUNILVR,Hindustan Unilever Ltd,Mar 2017,2017,5185.0,-1173.0,-4214.0,-202.0,33162.0,26834.0,4490.0,4012.0,1.1547884187082404,High Quality,3.537181110910078,Moderate,14.951181337109636,+,-,-,Shareholder Returns,False,False,False,False,False,95,Strong
HINDUNILVR,Hindustan Unilever Ltd,Mar 2018,2018,6059.0,-1063.0,-4975.0,21.0,35545.0,28046.0,5227.0,4996.0,1.1591735220968051,High Quality,2.990575327050218,Asset Light,17.813591956072166,+,-,-,Shareholder Returns,False,False,False,False,False,95,Strong
HINDUNILVR,Hindustan Unilever Ltd,Mar 2019,2019,5800.0,-438.0,-5390.0,-28.0,39310.0,30430.0,6060.0,5362.0,0.9570957095709571,Moderate,1.1142203001780717,Asset Light,17.620768977982255,+,-,-,Reinvestor,False,False,False,False,False,85,Strong
HINDUNILVR,Hindustan Unilever Ltd,Mar 2020,2020,7623.0,1791.0,-6819.0,2595.0,39783.0,29922.0,6756.0,9414.0,1.1283303730017762,High Quality,4.501922931905588,Moderate,31.461800681772612,+,+,-,Liquidating Assets,False,False,False,False,False,85,Strong
HINDUNILVR,Hindustan Unilever Ltd,Mar 2021,2021,9163.0,-1228.0,-9309.0,-1374.0,47028.0,35402.0,7999.0,7935.0,1.1455181897737217,High Quality,2.6112103427745175,Asset Light,22.413987910287556,+,-,-,Shareholder Returns,False,False,False,False,False,95,Strong
HINDUNILVR,Hindustan Unilever Ltd,Mar 2022,2022,9048.0,-1728.0,-8015.0,-695.0,52446.0,39589.0,8892.0,7320.0,1.0175438596491229,High Quality,3.2948175265987873,Moderate,18.489984591679505,+,-,-,Shareholder Returns,False,False,False,False,False,95,Strong
HINDUNILVR,Hindustan Unilever Ltd,Mar 2023,2023,9991.0,-1484.0,-8953.0,-446.0,60580.0,46433.0,10143.0,8507.0,0.9850142955733018,Moderate,2.449653350940905,Asset Light,18.321021687162148,+,-,-,Reinvestor,False,False,False,False,False,85,Strong
HINDUNILVR,Hindustan Unilever Ltd,Mar 2024,2024,15469.0,-5324.0,-10034.0,111.0,61896.0,47237.0,10282.0,10145.0,1.504473837774752,High Quality,8.601525138942742,Capital Intensive,21.476808434066516,+,-,-,Shareholder Returns,False,False,False,False,False,95,Strong
ICICIBANK,ICICI Bank Ltd,Mar 2013,2013,17494.0,-18563.0,9283.0,8215.0,44885.0,31684.0,10130.0,-1069.0,1.726949654491609,High Quality,41.35680071293305,Capital Intensive,-3.3739426840045446,+,-,+,Mixed,False,False,False,False,False,55,Watch
ICICIBANK,ICICI Bank Ltd,Mar 2014,2014,6765.0,-15750.0,7872.0,-1113.0,49479.0,32852.0,11677.0,-8985.0,0.5793440095915047,Moderate,31.831686169890254,Capital Intensive,-27.34993303299647,+,-,+,Mixed,False,False,False,False,False,45,Watch
ICICIBANK,ICICI Bank Ltd,Mar 2015,2015,-12273.0,-13175.0,24827.0,-621.0,54964.0,38766.0,12942.0,-25448.0,-0.9483078349559574,Accrual Risk,23.970235062950294,Capital Intensive,-65.64515296909663,-,-,+,Growth Funded by Debt,True,True,True,True,True,0,Distress
ICICIBANK,ICICI Bank Ltd,Mar 2016,2016,23645.0,-12060.0,5814.0,17399.0,59294.0,52252.0,10927.0,11585.0,2.16390592111284,High Quality,20.33932607009141,Capital Intensive,22.171400137793768,+,-,+,Mixed,False,False,False,False,False,85,Strong
ICICIBANK,ICICI Bank Ltd,Mar 2017,2017,52636.0,-1711.0,-35470.0,15455.0,60940.0,63841.0,11340.0,50925.0,4.641622574955909,High Quality,2.807679684936003,Asset Light,79.76848733572469,+,-,-,Shareholder Returns,False,False,False,False,False,95,Strong
ICICIBANK,ICICI Bank Ltd,Mar 2018,2018,19383.0,-50551.0,39676.0,8508.0,62162.0,72806.0,9100.0,-31168.0,2.13,High Quality,81.32138605578972,Capital Intensive,-42.80965854462544,+,-,+,Mixed,False,False,False,False,False,55,Watch
ICICIBANK,ICICI Bank Ltd,Mar 2019,2019,48671.0,-30282.0,-19997.0,-1608.0,71982.0,83775.0,5689.0,18389.0,8.555282123396028,High Quality,42.06885054596982,Capital Intensive,21.95046254849299,+,-,-,Shareholder Returns,False,False,False,False,False,95,Strong
ICICIBANK,ICICI Bank Ltd,Mar 2020,2020,79565.0,-42095.0,2992.0,40462.0,84836.0,85361.0,11225.0,37470.0,7.088195991091314,High Quality,49.61926540619548,Capital Intensive,43.895924368271224,+,-,+,Mixed,False,False,False,False,False,85,Strong
ICICIBANK,ICICI Bank Ltd,Mar 2021,2021,138015.0,-63631.0,-54667.0,19718.0,89163.0,91309.0,20364.0,74384.0,6.777401296405421,High Quality,71.36480378632393,Capital Intensive,81.46403968940629,+,-,-,Shareholder Returns,False,False,False,False,False,95,Strong
ICICIBANK,ICICI Bank Ltd,Mar 2022,2022,58111.0,-39448.0,17451.0,36114.0,95407.0,80798.0,26538.0,18663.0,2.18972793729746,High Quality,41.347070969635354,Capital Intensive,23.0983440184163,+,-,+,Mixed,False,False,False,False,False,85,Strong
ICICIBANK,ICICI Bank Ltd,Mar 2023,2023,-3771.0,-67689.0,24791.0,-46669.0,121067.0,87864.0,35461.0,-71460.0,-0.10634217873156425,Accrual Risk,55.910363682919375,Capital Intensive,-81.33023763998908,-,-,+,Growth Funded by Debt,False,True,True,True,True,0,Distress
ICICIBANK,ICICI Bank Ltd,Mar 2024,2024,157284.0,-144737.0,13765.0,26312.0,159516.0,99560.0,46081.0,12547.0,3.4132071786636575,High Quality,90.7350986734873,Capital Intensive,12.602450783447166,+,-,+,Mixed,False,False,False,False,False,85,Strong
ICICIGI,ICICI Lombard General Insurance Company Ltd,Mar 2013,2013,984.0,-962.0,102.0,124.0,4012.0,4191.0,353.0,22.0,2.7875354107648724,High Quality,23.978065802592223,Capital Intensive,0.5249343832020997,+,-,+,Mixed,False,False,False,False,False,85,Strong
ICICIGI,ICICI Lombard General Insurance Company Ltd,Mar 2014,2014,595.0,-706.0,4.0,-108.0,4352.0,4578.0,520.0,-111.0,1.1442307692307692,High Quality,16.222426470588236,Capital Intensive,-2.4246395806028835,+,-,+,Mixed,False,False,False,False,False,55,Watch
ICICIGI,ICICI Lombard General Insurance Company Ltd,Mar 2015,2015,-98.0,171.0,-93.0,-20.0,4234.0,4456.0,585.0,73.0,-0.1675213675213675,Accrual Risk,4.03873405762872,Moderate,1.6382405745062838,-,+,-,Other,False,True,False,False,True,45,Watch
ICICIGI,ICICI Lombard General Insurance Company Ltd,Mar 2016,2016,511.0,-310.0,-148.0,53.0,6033.0,5269.0,507.0,201.0,1.0078895463510849,High Quality,5.1384054367644625,Moderate,3.814765610172708,+,-,-,Shareholder Returns,False,False,False,False,False,95,Strong
ICICIGI,ICICI Lombard General Insurance Company Ltd,Mar 2017,2017,1628.0,-1990.0,361.0,-1.0,7520.0,6601.0,702.0,-362.0,2.319088319088319,High Quality,26.46276595744681,Capital Intensive,-5.484017573094985,+,-,+,Mixed,False,False,False,False,False,55,Watch
ICICIGI,ICICI Lombard General Insurance Company Ltd,Mar 2018,2018,2390.0,-1896.0,-96.0,398.0,6912.0,7174.0,862.0,494.0,2.7726218097447797,High Quality,27.430555555555557,Capital Intensive,6.885977139671034,+,-,-,Shareholder Returns,False,False,False,False,False,95,Strong
ICICIGI,ICICI Lombard General Insurance Company Ltd,Mar 2019,2019,2976.0,-2856.0,-310.0,-190.0,11163.0,9494.0,1049.0,120.0,2.8369876072449953,High Quality,25.584520290244555,Capital Intensive,1.2639561828523278,+,-,-,Shareholder Returns,False,False,False,False,False,95,Strong
ICICIGI,ICICI Lombard General Insurance Company Ltd,Mar 2020,2020,3433.0,-3382.0,-420.0,-369.0,11517.0,9745.0,1194.0,51.0,2.875209380234506,High Quality,29.365286098810454,Capital Intensive,0.5233453052847614,+,-,-,Shareholder Returns,False,False,False,False,False,95,Strong
ICICIGI,ICICI Lombard General Insurance Company Ltd,Mar 2021,2021,1774.0,-1367.0,-212.0,195.0,12161.0,10090.0,1473.0,407.0,1.2043448744059742,High Quality,11.240851903626346,Capital Intensive,4.033696729435085,+,-,-,Shareholder Returns,False,False,False,False,False,95,Strong
ICICIGI,ICICI Lombard General Insurance Company Ltd,Mar 2022,2022,809.0,135.0,-879.0,65.0,16026.0,15010.0,1271.0,944.0,0.6365066876475216,Moderate,0.8423811306626731,Asset Light,6.289140572951365,+,+,-,Liquidating Assets,False,False,False,False,False,75,Healthy
ICICIGI,ICICI Lombard General Insurance Company Ltd,Mar 2023,2023,2290.0,-1685.0,-695.0,-90.0,17876.0,16612.0,1729.0,605.0,1.324465008675535,High Quality,9.426046095323338,Capital Intensive,3.6419455815073443,+,-,-,Shareholder Returns,False,False,False,False,False,95,Strong
ICICIGI,ICICI Lombard General Insurance Company Ltd,Mar 2024,2024,2407.0,-1921.0,-355.0,131.0,20487.0,17910.0,1919.0,486.0,1.2542991141219386,High Quality,9.37667789329819,Capital Intensive,2.7135678391959797,+,-,-,Shareholder Returns,False,False,False,False,False,95,Strong
ICICIPRULI,ICICI Prudential Life Insurance Company Ltd,Mar 2013,2013,-2641.0,1564.0,-514.0,-1591.0,20025.0,19280.0,1515.0,-1077.0,-1.7432343234323433,Accrual Risk,7.810237203495631,Moderate,-5.586099585062241,-,+,-,Other,False,True,False,False,True,15,Distress
ICICIPRULI,ICICI Prudential Life Insurance Company Ltd,Mar 2014,2014,-2382.0,6012.0,-1091.0,2539.0,21888.0,20384.0,1561.0,3630.0,-1.5259449071108264,Accrual Risk,27.467105263157894,Capital Intensive,17.808084772370485,-,+,-,Other,False,True,False,False,True,45,Watch
ICICIPRULI,ICICI Prudential Life Insurance Company Ltd,Mar 2015,2015,523.0,-1822.0,-966.0,-2264.0,34453.0,32798.0,1640.0,-1299.0,0.31890243902439025,Accrual Risk,5.288363858009462,Moderate,-3.9606073541069575,+,-,-,Reinvestor,False,False,False,False,False,25,Distress
ICICIPRULI,ICICI Prudential Life Insurance Company Ltd,Mar 2016,2016,3634.0,27.0,-1442.0,2219.0,20849.0,19008.0,1650.0,3661.0,2.2024242424242426,High Quality,0.12950261403424623,Asset Light,19.26031144781145,+,+,-,Liquidating Assets,False,False,False,False,False,85,Strong
ICICIPRULI,ICICI Prudential Life Insurance Company Ltd,Mar 2017,2017,4130.0,-696.0,-994.0,2439.0,37816.0,36010.0,1682.0,3434.0,2.455410225921522,High Quality,1.8404907975460123,Asset Light,9.536239933351846,+,-,-,Shareholder Returns,False,False,False,False,False,95,Strong
ICICIPRULI,ICICI Prudential Life Insurance Company Ltd,Mar 2018,2018,5690.0,-5389.0,-1188.0,-887.0,38832.0,37062.0,1619.0,301.0,3.5145151327980235,High Quality,13.877729707457767,Capital Intensive,0.8121526091414387,+,-,-,Shareholder Returns,False,False,False,False,False,95,Strong
ICICIPRULI,ICICI Prudential Life Insurance Company Ltd,Mar 2019,2019,11377.0,-7559.0,-843.0,2975.0,41463.0,40922.0,1139.0,3818.0,9.988586479367866,High Quality,18.230711718881896,Capital Intensive,9.329944772982747,+,-,-,Shareholder Returns,False,False,False,False,False,95,Strong
ICICIPRULI,ICICI Prudential Life Insurance Company Ltd,Mar 2020,2020,8596.0,-10797.0,-405.0,-2606.0,21025.0,21344.0,1067.0,-2201.0,8.056232427366448,High Quality,51.353151010701545,Capital Intensive,-10.31203148425787,+,-,-,Shareholder Returns,False,False,False,False,False,65,Healthy
ICICIPRULI,ICICI Prudential Life Insurance Company Ltd,Mar 2021,2021,7314.0,-5084.0,1205.0,3434.0,83182.0,83572.0,956.0,2230.0,7.650627615062762,High Quality,6.111899208963478,Moderate,2.668357823194371,+,-,+,Mixed,False,False,False,False,False,85,Strong
ICICIPRULI,ICICI Prudential Life Insurance Company Ltd,Mar 2022,2022,1831.0,-816.0,-319.0,696.0,63564.0,65728.0,759.0,1015.0,2.412384716732543,High Quality,1.283745516329998,Asset Light,1.5442429406037002,+,-,-,Shareholder Returns,False,False,False,False,False,95,Strong
ICICIPRULI,ICICI Prudential Life Insurance Company Ltd,Mar 2023,2023,89.0,-1145.0,-112.0,-1168.0,50478.0,52235.0,813.0,-1056.0,0.10947109471094711,Accrual Risk,2.2683149094655097,Asset Light,-2.0216330046903415,+,-,-,Reinvestor,False,False,False,False,False,25,Distress
ICICIPRULI,ICICI Prudential Life Insurance Company Ltd,Mar 2024,2024,-7315.0,7420.0,-88.0,17.0,90307.0,92136.0,851.0,105.0,-8.595769682726205,Accrual Risk,8.216417331989769,Capital Intensive,0.11396196926282887,-,+,-,Other,False,True,False,False,True,45,Watch
INDIGO,Interglobe Aviation Ltd,Mar 2013,2013,1741.0,-1890.0,36.0,-113.0,9203.0,8348.0,787.0,-149.0,2.2121982210927573,High Quality,20.5367814842986,Capital Intensive,-1.7848586487781506,+,-,+,Mixed,False,False,False,False,False,55,Watch
INDIGO,Interglobe Aviation Ltd,Mar 2014,2014,1595.0,-2914.0,1285.0,-34.0,11117.0,10684.0,474.0,-1319.0,3.3649789029535864,High Quality,26.21210758298102,Capital Intensive,-12.34556345937851,+,-,+,Mixed,False,False,False,False,False,55,Watch
INDIGO,Interglobe Aviation Ltd,Mar 2015,2015,2384.0,-940.0,-1308.0,136.0,13925.0,12022.0,1304.0,1444.0,1.8282208588957056,High Quality,6.7504488330341115,Moderate,12.01131259357844,+,-,-,Shareholder Returns,False,False,False,False,False,95,Strong
INDIGO,Interglobe Aviation Ltd,Mar 2016,2016,3116.0,-1337.0,-1220.0,559.0,16140.0,12976.0,1986.0,1779.0,1.5689828801611279,High Quality,8.28376703841388,Capital Intensive,13.709926017262639,+,-,-,Shareholder Returns,False,False,False,False,False,95,Strong
INDIGO,Interglobe Aviation Ltd,Mar 2017,2017,3782.0,-3033.0,-1401.0,-652.0,18580.0,16362.0,1659.0,749.0,2.2796865581675707,High Quality,16.32400430570506,Capital Intensive,4.577679990221244,+,-,-,Shareholder Returns,False,False,False,False,False,95,Strong
INDIGO,Interglobe Aviation Ltd,Mar 2018,2018,3903.0,-4152.0,766.0,518.0,23021.0,19991.0,2242.0,-249.0,1.7408563782337199,High Quality,18.03570652882151,Capital Intensive,-1.2455605022260017,+,-,+,Mixed,False,False,False,False,False,55,Watch
INDIGO,Interglobe Aviation Ltd,Mar 2019,2019,3160.0,-2526.0,-592.0,42.0,28497.0,28648.0,156.0,634.0,20.256410256410255,High Quality,8.864090956942835,Capital Intensive,2.2130689751466073,+,-,-,Shareholder Returns,False,False,False,False,False,95,Strong
INDIGO,Interglobe Aviation Ltd,Mar 2020,2020,6943.0,-4573.0,-2407.0,-37.0,35756.0,31687.0,-248.0,2370.0,-27.995967741935484,Accrual Risk,12.789461908490882,Capital Intensive,7.479407959099945,+,-,-,Reinvestor,False,False,False,False,False,55,Watch
INDIGO,Interglobe Aviation Ltd,Mar 2021,2021,-1620.0,3228.0,-1775.0,-168.0,14641.0,14638.0,-6171.0,1608.0,0.2625182304326689,Accrual Risk,22.047674339184482,Capital Intensive,10.985107255089494,-,+,-,Other,False,True,False,False,True,45,Watch
INDIGO,Interglobe Aviation Ltd,Mar 2022,2022,2064.0,1527.0,-3088.0,503.0,25931.0,25373.0,-317.0,3591.0,-6.511041009463723,Accrual Risk,5.888704639234892,Moderate,14.152839632680408,+,+,-,Liquidating Assets,False,False,False,False,False,45,Watch
INDIGO,Interglobe Aviation Ltd,Mar 2023,2023,12703.0,-4039.0,-8432.0,232.0,54446.0,47926.0,-317.0,8664.0,-40.072555205047315,Accrual Risk,7.418359475443559,Moderate,18.077870049659893,+,-,-,Reinvestor,False,False,False,False,False,55,Watch
INDIGO,Interglobe Aviation Ltd,Mar 2024,2024,21183.0,-11759.0,-9979.0,-555.0,68904.0,52573.0,8167.0,9424.0,2.5937308681278317,High Quality,17.065772669220944,Capital Intensive,17.92555113841706,+,-,-,Shareholder Returns,False,False,False,False,False,95,Strong
INDUSINDBK,IndusInd Bank Ltd,Mar 2013,2013,-486.0,-174.0,1969.0,1309.0,6983.0,1947.0,1061.0,-660.0,-0.4580584354382658,Accrual Risk,2.491765716740656,Asset Light,-33.89830508474576,-,-,+,Growth Funded by Debt,False,True,True,True,True,0,Distress
INDUSINDBK,IndusInd Bank Ltd,Mar 2014,2014,-4106.0,-174.0,4200.0,-79.0,8254.0,2555.0,1408.0,-4280.0,-2.9161931818181817,Accrual Risk,2.1080688151199416,Asset Light,-167.51467710371818,-,-,+,Growth Funded by Debt,False,True,True,True,True,0,Distress
INDUSINDBK,IndusInd Bank Ltd,Mar 2015,2015,-1421.0,-276.0,5707.0,4010.0,9692.0,3133.0,1794.0,-1697.0,-0.7920847268673356,Accrual Risk,2.8477094510936856,Asset Light,-54.165336737950845,-,-,+,Growth Funded by Debt,True,True,True,True,True,0,Distress
INDUSINDBK,IndusInd Bank Ltd,Mar 2016,2016,-2927.0,-258.0,2517.0,-667.0,11872.0,4188.0,2286.0,-3185.0,-1.2804024496937882,Accrual Risk,2.1731805929919137,Asset Light,-76.05062082139446,-,-,+,Growth Funded by Debt,True,True,True,True,True,0,Distress
INDUSINDBK,IndusInd Bank Ltd,Mar 2017,2017,11569.0,-285.0,-2768.0,8516.0,14406.0,5684.0,2868.0,11284.0,4.033821478382148,High Quality,1.9783423573511039,Asset Light,198.52216748768473,+,-,-,Shareholder Returns,False,False,False,False,False,95,Strong
INDUSINDBK,IndusInd Bank Ltd,Mar 2018,2018,-20700.0,-217.0,15505.0,-5412.0,17281.0,6555.0,3606.0,-20917.0,-5.740432612312812,Accrual Risk,1.2557143683814593,Asset Light,-319.09992372234933,-,-,+,Growth Funded by Debt,False,True,True,True,True,0,Distress
INDUSINDBK,IndusInd Bank Ltd,Mar 2019,2019,-6389.0,-633.0,8590.0,1568.0,22261.0,9283.0,3301.0,-7022.0,-1.9354740987579522,Accrual Risk,2.843538026144378,Asset Light,-75.6436496822148,-,-,+,Growth Funded by Debt,False,True,True,True,True,0,Distress
INDUSINDBK,IndusInd Bank Ltd,Mar 2020,2020,-12039.0,526.0,12733.0,1220.0,28783.0,12611.0,4418.0,-11513.0,-2.724988682661838,Accrual Risk,1.827467602404197,Asset Light,-91.2933153596067,-,+,+,Distress Signal,True,True,True,True,True,0,Distress
INDUSINDBK,IndusInd Bank Ltd,Mar 2021,2021,44646.0,-226.0,-4096.0,40324.0,29000.0,15997.0,2836.0,44420.0,15.7425952045134,High Quality,0.7793103448275862,Asset Light,277.6770644495843,+,-,-,Shareholder Returns,False,False,False,False,False,95,Strong
INDUSINDBK,IndusInd Bank Ltd,Mar 2022,2022,16600.0,-351.0,-4302.0,11947.0,30822.0,15840.0,4611.0,16249.0,3.600086749078291,High Quality,1.138796963208098,Asset Light,102.5820707070707,+,-,-,Shareholder Returns,False,False,False,False,False,95,Strong
INDUSINDBK,IndusInd Bank Ltd,Mar 2023,2023,-12438.0,-441.0,1115.0,-11763.0,36368.0,15525.0,7390.0,-12879.0,-1.683085250338295,Accrual Risk,1.2126044874615045,Asset Light,-82.95652173913044,-,-,+,Growth Funded by Debt,False,True,True,True,True,0,Distress
INDUSINDBK,IndusInd Bank Ltd,Mar 2024,2024,-16843.0,-625.0,-2242.0,-19710.0,45748.0,17638.0,8950.0,-17468.0,-1.8818994413407821,Accrual Risk,1.3661799422925593,Asset Light,-99.03617190157614,-,-,-,Pre-Revenue,False,True,False,True,True,0,Distress
INFY,Infosys Ltd,Mar 2013,2013,7373.0,-2922.0,-3210.0,1241.0,40352.0,11538.0,9429.0,4451.0,0.781949305334606,Moderate,7.241276764472642,Moderate,38.57687640838967,+,-,-,Reinvestor,False,False,False,False,False,85,Strong
INFY,Infosys Ltd,Mar 2014,2014,9825.0,-2563.0,-3144.0,4118.0,50133.0,13390.0,10656.0,7262.0,0.9220157657657657,Moderate,5.11240101330461,Moderate,54.23450336071696,+,-,-,Reinvestor,False,False,False,False,False,85,Strong
INFY,Infosys Ltd,Mar 2015,2015,8353.0,999.0,-4935.0,4417.0,53319.0,14883.0,12372.0,9352.0,0.6751535725832525,Moderate,1.8736285376694986,Asset Light,62.83679365719277,+,+,-,Liquidating Assets,False,False,False,False,False,75,Healthy
INFY,Infosys Ltd,Mar 2016,2016,10028.0,-885.0,-6813.0,2330.0,62441.0,17079.0,13489.0,9143.0,0.7434205649047372,Moderate,1.4173379670408865,Asset Light,53.533579249370575,+,-,-,Reinvestor,False,False,False,False,False,85,Strong
INFY,Infosys Ltd,Mar 2017,2017,11531.0,-14664.0,-6939.0,-10072.0,68484.0,18604.0,14353.0,-3133.0,0.8033860516965095,Moderate,21.4123006833713,Capital Intensive,-16.84046441625457,+,-,-,Reinvestor,False,False,False,False,False,55,Watch
INFY,Infosys Ltd,Mar 2018,2018,13218.0,4533.0,-20505.0,-2754.0,70522.0,18822.0,16029.0,17751.0,0.8246303574770728,Moderate,6.427781401548454,Moderate,94.30985017532674,+,+,-,Liquidating Assets,False,False,False,False,False,75,Healthy
INFY,Infosys Ltd,Mar 2019,2019,14841.0,-632.0,-14512.0,-303.0,82675.0,20170.0,15410.0,14209.0,0.9630759247242051,Moderate,0.764439068642274,Asset Light,70.44620723847298,+,-,-,Reinvestor,False,False,False,False,False,85,Strong
INFY,Infosys Ltd,Mar 2020,2020,17003.0,-331.0,-17591.0,-919.0,90791.0,22267.0,16639.0,16672.0,1.0218763146823728,High Quality,0.3645735810818253,Asset Light,74.87313064175686,+,-,-,Shareholder Returns,False,False,False,False,False,95,Strong
INFY,Infosys Ltd,Mar 2021,2021,23224.0,-7373.0,-9786.0,6065.0,100472.0,27889.0,19423.0,15851.0,1.195695824537919,High Quality,7.338362926984633,Moderate,56.83602854171895,+,-,-,Shareholder Returns,False,False,False,False,False,95,Strong
INFY,Infosys Ltd,Mar 2022,2022,23885.0,-6485.0,-24642.0,-7242.0,121641.0,31491.0,22146.0,17400.0,1.0785243384809897,High Quality,5.331261663419406,Moderate,55.25388206154139,+,-,-,Shareholder Returns,False,False,False,False,False,95,Strong
INFY,Infosys Ltd,Mar 2023,2023,22467.0,-1071.0,-26695.0,-5299.0,146767.0,35130.0,24108.0,21396.0,0.9319313091090095,Moderate,0.7297280723868445,Asset Light,60.90520922288643,+,-,-,Reinvestor,False,False,False,False,False,85,Strong
INFY,Infosys Ltd,Mar 2024,2024,25210.0,-5093.0,-17504.0,2613.0,153670.0,36425.0,26248.0,20117.0,0.9604541298384639,Moderate,3.314244810307802,Moderate,55.22855181880576,+,-,-,Reinvestor,False,False,False,False,False,85,Strong
IOC,Indian Oil Corporation,Mar 2013,2013,9340.0,-9294.0,352.0,398.0,461780.0,13861.0,3627.0,46.0,2.5751309622277363,High Quality,2.0126467148858764,Asset Light,0.3318663877065147,+,-,+,Mixed,False,False,False,False,False,85,Strong
IOC,Indian Oil Corporation,Mar 2014,2014,24195.0,-18594.0,-3116.0,2485.0,488345.0,17222.0,6967.0,5601.0,3.4728003444811253,High Quality,3.807554085738566,Moderate,32.52235512716293,+,-,-,Shareholder Returns,False,False,False,False,False,95,Strong
IOC,Indian Oil Corporation,Mar 2015,2015,46092.0,-10215.0,-38283.0,-2406.0,449507.0,10575.0,4872.0,35877.0,9.460591133004925,High Quality,2.272489638648564,Asset Light,339.26241134751774,+,-,-,Shareholder Returns,False,False,False,False,False,95,Strong
IOC,Indian Oil Corporation,Mar 2016,2016,25624.0,-13610.0,-11890.0,124.0,346045.0,22038.0,12413.0,12014.0,2.0642874405864817,High Quality,3.9330144923348116,Moderate,54.51492875941556,+,-,-,Shareholder Returns,False,False,False,False,False,95,Strong
IOC,Indian Oil Corporation,Mar 2017,2017,28216.0,-17684.0,-10937.0,-405.0,355379.0,34149.0,20385.0,10532.0,1.3841550159430953,High Quality,4.9760959426415186,Moderate,30.841313069196758,+,-,-,Shareholder Returns,False,False,False,False,False,95,Strong
IOC,Indian Oil Corporation,Mar 2018,2018,29115.0,-17119.0,-12007.0,-11.0,421492.0,41658.0,22626.0,11996.0,1.286793953858393,High Quality,4.061524299393582,Moderate,28.796389649047,+,-,-,Shareholder Returns,False,False,False,False,False,95,Strong
IOC,Indian Oil Corporation,Mar 2019,2019,12747.0,-22569.0,10436.0,614.0,528158.0,35262.0,17274.0,-9822.0,0.7379298367488711,Moderate,4.273153109486176,Moderate,-27.85434745618513,+,-,+,Mixed,False,False,False,False,False,45,Watch
IOC,Indian Oil Corporation,Mar 2020,2020,7146.0,-29101.0,22456.0,502.0,483763.0,16053.0,-1876.0,-21955.0,-3.8091684434968016,Accrual Risk,6.01554893615262,Moderate,-136.76571357378685,+,-,+,Mixed,False,False,False,False,False,15,Distress
IOC,Indian Oil Corporation,Mar 2021,2021,49650.0,-22935.0,-27369.0,-653.0,363950.0,39929.0,21762.0,26715.0,2.2814998621450235,High Quality,6.301689792553922,Moderate,66.90625860903103,+,-,-,Shareholder Returns,False,False,False,False,False,95,Strong
IOC,Indian Oil Corporation,Mar 2022,2022,25747.0,-21294.0,-4058.0,395.0,589321.0,47758.0,25727.0,4453.0,1.00077739339993,High Quality,3.61331091204963,Moderate,9.324092298672474,+,-,-,Shareholder Returns,False,False,False,False,False,95,Strong
IOC,Indian Oil Corporation,Mar 2023,2023,29644.0,-28030.0,-1794.0,-180.0,841756.0,30683.0,11704.0,1614.0,2.5328092959671906,High Quality,3.3299435941056554,Moderate,5.260241827722192,+,-,-,Shareholder Returns,False,False,False,False,False,95,Strong
IOC,Indian Oil Corporation,Mar 2024,2024,71099.0,-31464.0,-39385.0,250.0,776352.0,75646.0,43161.0,39635.0,1.6472973286068442,High Quality,4.052800791393595,Moderate,52.39536789783994,+,-,-,Shareholder Returns,False,False,False,False,False,95,Strong
IRCTC,Indian Railway Catering & Tourism Corporation Ltd,Mar 2015,2015,69.0,-46.0,-17.0,6.0,1059.0,152.0,131.0,23.0,0.5267175572519084,Moderate,4.343720491029273,Moderate,15.131578947368421,+,-,-,Reinvestor,False,False,False,False,False,85,Strong
IRCTC,Indian Railway Catering & Tourism Corporation Ltd,Mar 2016,2016,288.0,7.0,-31.0,263.0,1367.0,190.0,189.0,295.0,1.5238095238095237,High Quality,0.5120702267739575,Asset Light,155.26315789473685,+,+,-,Liquidating Assets,False,False,False,False,False,85,Strong
IRCTC,Indian Railway Catering & Tourism Corporation Ltd,Mar 2017,2017,338.0,94.0,-136.0,296.0,1520.0,314.0,229.0,432.0,1.4759825327510918,High Quality,6.184210526315789,Moderate,137.5796178343949,+,+,-,Liquidating Assets,False,False,False,False,False,85,Strong
IRCTC,Indian Railway Catering & Tourism Corporation Ltd,Mar 2018,2018,24.0,40.0,-57.0,7.0,1466.0,274.0,221.0,64.0,0.1085972850678733,Accrual Risk,2.728512960436562,Asset Light,23.357664233576642,+,+,-,Liquidating Assets,False,False,False,False,False,45,Watch
IRCTC,Indian Railway Catering & Tourism Corporation Ltd,Mar 2019,2019,499.0,-353.0,-179.0,-33.0,1870.0,383.0,309.0,146.0,1.6148867313915858,High Quality,18.877005347593585,Capital Intensive,38.1201044386423,+,-,-,Shareholder Returns,False,False,False,False,False,95,Strong
IRCTC,Indian Railway Catering & Tourism Corporation Ltd,Mar 2020,2020,409.0,8.0,-280.0,137.0,2264.0,703.0,513.0,417.0,0.797270955165692,Moderate,0.35335689045936397,Asset Light,59.31721194879089,+,+,-,Liquidating Assets,False,False,False,False,False,75,Healthy
IRCTC,Indian Railway Catering & Tourism Corporation Ltd,Mar 2021,2021,248.0,-453.0,-47.0,-252.0,777.0,188.0,187.0,-205.0,1.3262032085561497,High Quality,58.301158301158296,Capital Intensive,-109.04255319148936,+,-,-,Shareholder Returns,False,False,False,False,False,65,Healthy
IRCTC,Indian Railway Catering & Tourism Corporation Ltd,Mar 2022,2022,524.0,-242.0,-258.0,23.0,1879.0,874.0,660.0,282.0,0.793939393939394,Moderate,12.879191059073975,Capital Intensive,32.265446224256294,+,-,-,Reinvestor,False,False,False,False,False,85,Strong
IRCTC,Indian Railway Catering & Tourism Corporation Ltd,Mar 2023,2023,812.0,-317.0,-434.0,61.0,3541.0,1276.0,1006.0,495.0,0.8071570576540755,Moderate,8.952273369104773,Capital Intensive,38.793103448275865,+,-,-,Reinvestor,False,False,False,False,False,85,Strong
IRCTC,Indian Railway Catering & Tourism Corporation Ltd,Mar 2024,2024,882.0,-215.0,-404.0,262.0,4270.0,1466.0,1111.0,667.0,0.7938793879387939,Moderate,5.035128805620609,Moderate,45.49795361527968,+,-,-,Reinvestor,False,False,False,False,False,85,Strong
IRFC,Indian Railway Finance Corporation Ltd,Mar 2016,2016,-16378.0,2.0,17582.0,1206.0,7507.0,7468.0,849.0,-16376.0,-19.290930506478208,Accrual Risk,0.026641800985746637,Asset Light,-219.2822710230316,-,+,+,Distress Signal,False,True,True,True,True,0,Distress
IRFC,Indian Railway Finance Corporation Ltd,Mar 2017,2017,-19455.0,2.0,18250.0,-1204.0,9047.0,9021.0,934.0,-19453.0,-20.829764453961456,Accrual Risk,0.02210677572676025,Asset Light,-215.64128145438423,-,+,+,Distress Signal,False,True,True,True,True,0,Distress
IRFC,Indian Railway Finance Corporation Ltd,Mar 2018,2018,-28076.0,2.0,28075.0,0.0,9267.0,9229.0,2055.0,-28074.0,-13.662287104622871,Accrual Risk,0.021581957483543756,Asset Light,-304.19330371654564,-,+,+,Distress Signal,True,True,True,True,True,0,Distress
IRFC,Indian Railway Finance Corporation Ltd,Mar 2019,2019,-41748.0,1.0,41749.0,3.0,11134.0,11085.0,2255.0,-41747.0,-18.51352549889135,Accrual Risk,0.008981498113885397,Asset Light,-376.60802886783944,-,+,+,Distress Signal,True,True,True,True,True,0,Distress
IRFC,Indian Railway Finance Corporation Ltd,Mar 2020,2020,-62701.0,1.0,62697.0,-2.0,13421.0,13355.0,3192.0,-62700.0,-19.64317042606516,Accrual Risk,0.0074510096118024,Asset Light,-469.48708348932985,-,+,+,Distress Signal,True,True,True,True,True,0,Distress
IRFC,Indian Railway Finance Corporation Ltd,Mar 2021,2021,-89907.0,0.0,90202.0,296.0,15771.0,15657.0,4416.0,-89907.0,-20.359375,Accrual Risk,0.0,Asset Light,-574.2287794596666,-,0,+,Other,True,True,True,False,True,0,Distress
IRFC,Indian Railway Finance Corporation Ltd,Mar 2022,2022,-64412.0,-5.0,64266.0,-151.0,20299.0,20177.0,6090.0,-64417.0,-10.576683087027915,Accrual Risk,0.02463175525887975,Asset Light,-319.2595529563364,-,-,+,Growth Funded by Debt,True,True,True,True,True,0,Distress
IRFC,Indian Railway Finance Corporation Ltd,Mar 2023,2023,-28588.0,0.0,28644.0,56.0,23722.0,23588.0,6167.0,-28588.0,-4.635641316685585,Accrual Risk,0.0,Asset Light,-121.19721892487705,-,0,+,Other,True,True,True,False,True,0,Distress
IRFC,Indian Railway Finance Corporation Ltd,Mar 2024,2024,7914.0,-8.0,-8046.0,-140.0,26645.0,26513.0,6412.0,7906.0,1.2342482844666252,High Quality,0.030024394820791892,Asset Light,29.819333911665975,+,-,-,Shareholder Returns,False,False,False,False,False,95,Strong
ITC,ITC Ltd,Mar 2013,2013,7102.0,-3881.0,-3310.0,-90.0,31618.0,11221.0,7704.0,3221.0,0.921858774662513,Moderate,12.27465367828452,Capital Intensive,28.705106496747167,+,-,-,Reinvestor,False,False,False,False,False,85,Strong
ITC,ITC Ltd,Mar 2014,2014,7344.0,-3254.0,-4122.0,-32.0,35306.0,13080.0,9001.0,4090.0,0.8159093434062882,Moderate,9.21656375686852,Capital Intensive,31.269113149847094,+,-,-,Reinvestor,False,False,False,False,False,85,Strong
ITC,ITC Ltd,Mar 2015,2015,9843.0,-5275.0,-4661.0,-93.0,38817.0,14252.0,9779.0,4568.0,1.0065446364658963,High Quality,13.589406703248578,Capital Intensive,32.05164187482459,+,-,-,Shareholder Returns,False,False,False,False,False,95,Strong
ITC,ITC Ltd,Mar 2016,2016,9799.0,-3921.0,-5613.0,266.0,39192.0,14531.0,9501.0,5878.0,1.0313651194611093,High Quality,10.004592774035517,Capital Intensive,40.451448627073155,+,-,-,Shareholder Returns,False,False,False,False,False,95,Strong
ITC,ITC Ltd,Mar 2017,2017,10627.0,-3251.0,-7301.0,75.0,42768.0,15470.0,10477.0,7376.0,1.0143170754987114,High Quality,7.6014777403666285,Moderate,47.67937944408533,+,-,-,Shareholder Returns,False,False,False,False,False,95,Strong
ITC,ITC Ltd,Mar 2018,2018,13169.0,-7114.0,-6221.0,-166.0,43449.0,16521.0,11493.0,6055.0,1.1458278952405812,High Quality,16.37321917650579,Capital Intensive,36.65032383027661,+,-,-,Shareholder Returns,False,False,False,False,False,95,Strong
ITC,ITC Ltd,Mar 2019,2019,12583.0,-5546.0,-6869.0,169.0,48340.0,18537.0,12836.0,7037.0,0.9802898099096292,Moderate,11.472900289615225,Capital Intensive,37.9619140098182,+,-,-,Reinvestor,False,False,False,False,False,85,Strong
ITC,ITC Ltd,Mar 2020,2020,14690.0,-6174.0,-8181.0,334.0,49388.0,19344.0,15593.0,8516.0,0.942089399089335,Moderate,12.50101239167409,Capital Intensive,44.02398676592225,+,-,-,Reinvestor,False,False,False,False,False,85,Strong
ITC,ITC Ltd,Mar 2021,2021,12527.0,5740.0,-18634.0,-367.0,49257.0,17065.0,13383.0,18267.0,0.9360382574908466,Moderate,11.653166047465335,Capital Intensive,107.04365660709054,+,+,-,Liquidating Assets,False,False,False,False,False,75,Healthy
ITC,ITC Ltd,Mar 2022,2022,15776.0,-2238.0,-13580.0,-43.0,60645.0,20623.0,15503.0,13538.0,1.017609494936464,High Quality,3.6903289636408605,Moderate,65.64515346942734,+,-,-,Shareholder Returns,False,False,False,False,False,95,Strong
ITC,ITC Ltd,Mar 2023,2023,18878.0,-5732.0,-13006.0,139.0,70919.0,25704.0,19477.0,13146.0,0.9692457770703907,Moderate,8.082460271577434,Capital Intensive,51.143790849673195,+,-,-,Reinvestor,False,False,False,False,False,85,Strong
ITC,ITC Ltd,Mar 2024,2024,17179.0,1563.0,-18551.0,191.0,70866.0,26233.0,20751.0,18742.0,0.8278637174112091,Moderate,2.205571077808822,Asset Light,71.44436396904662,+,+,-,Liquidating Assets,False,False,False,False,False,75,Healthy
JINDALSTEL,Jindal Steel & Power Ltd,Mar 2013,2013,3522.0,-9591.0,6111.0,43.0,19807.0,6106.0,2952.0,-6069.0,1.193089430894309,High Quality,48.422274953299336,Capital Intensive,-99.3940386505077,+,-,+,Mixed,False,False,False,False,False,55,Watch
JINDALSTEL,Jindal Steel & Power Ltd,Mar 2014,2014,4580.0,-12694.0,8879.0,766.0,19286.0,5799.0,1896.0,-8114.0,2.4156118143459917,High Quality,65.81976563310174,Capital Intensive,-139.920675978617,+,-,+,Mixed,False,False,False,False,False,55,Watch
JINDALSTEL,Jindal Steel & Power Ltd,Mar 2015,2015,1182.0,-6717.0,5708.0,173.0,19401.0,5464.0,-1452.0,-5535.0,-0.8140495867768595,Accrual Risk,34.62192670480903,Capital Intensive,-101.29941434846266,+,-,+,Mixed,True,False,False,False,True,0,Distress
JINDALSTEL,Jindal Steel & Power Ltd,Mar 2016,2016,4333.0,-2262.0,-2672.0,-601.0,19469.0,3437.0,-3087.0,2071.0,-1.4036281179138321,Accrual Risk,11.618470388823257,Capital Intensive,60.256037241780625,+,-,-,Reinvestor,False,False,False,False,False,55,Watch
JINDALSTEL,Jindal Steel & Power Ltd,Mar 2017,2017,6850.0,-1998.0,-5108.0,-256.0,21603.0,4709.0,-2538.0,4852.0,-2.6989755713159966,Accrual Risk,9.248715456186641,Capital Intensive,103.03673816096837,+,-,-,Reinvestor,False,False,False,False,False,55,Watch
JINDALSTEL,Jindal Steel & Power Ltd,Mar 2018,2018,7724.0,-1431.0,-6276.0,17.0,33286.0,6469.0,-1616.0,6293.0,-4.77970297029703,Accrual Risk,4.299104728714775,Moderate,97.27933219972175,+,-,-,Reinvestor,False,False,False,False,False,55,Watch
JINDALSTEL,Jindal Steel & Power Ltd,Mar 2019,2019,9027.0,-832.0,-8261.0,-67.0,46966.0,8412.0,-2412.0,8195.0,-3.7425373134328357,Accrual Risk,1.7714942724524123,Asset Light,97.42035187826914,+,-,-,Reinvestor,False,False,False,False,False,55,Watch
JINDALSTEL,Jindal Steel & Power Ltd,Mar 2020,2020,8814.0,-1476.0,-7016.0,322.0,37923.0,6831.0,-400.0,7338.0,-22.035,Accrual Risk,3.892097144213275,Moderate,107.42204655248133,+,-,-,Reinvestor,False,False,False,False,False,55,Watch
JINDALSTEL,Jindal Steel & Power Ltd,Mar 2021,2021,11961.0,-1884.0,-4612.0,5465.0,34579.0,10933.0,4267.0,10077.0,2.8031403796578394,High Quality,5.4483935336475895,Moderate,92.17049300283546,+,-,-,Shareholder Returns,False,False,False,False,False,95,Strong
JINDALSTEL,Jindal Steel & Power Ltd,Mar 2022,2022,16048.0,-2331.0,-15120.0,-1403.0,51166.0,15515.0,6766.0,13717.0,2.371859296482412,High Quality,4.555759684165266,Moderate,88.41121495327103,+,-,-,Shareholder Returns,False,False,False,False,False,95,Strong
JINDALSTEL,Jindal Steel & Power Ltd,Mar 2023,2023,7347.0,-4090.0,-2500.0,757.0,53212.0,9942.0,3974.0,3257.0,1.8487669854051334,High Quality,7.686236187326168,Moderate,32.76000804667069,+,-,-,Shareholder Returns,False,False,False,False,False,95,Strong
JINDALSTEL,Jindal Steel & Power Ltd,Mar 2024,2024,6008.0,-8344.0,1381.0,-955.0,50354.0,10202.0,5943.0,-2336.0,1.010937237085647,High Quality,16.570679588513325,Capital Intensive,-22.897471084101156,+,-,+,Mixed,False,False,False,False,False,55,Watch
JIOFIN,Jio Financial Services Ltd,Mar 2023,2023,2055.0,-1110.0,-889.0,56.0,45.0,39.0,31.0,945.0,66.29032258064517,High Quality,2466.666666666667,Capital Intensive,2423.076923076923,+,-,-,Shareholder Returns,False,False,False,False,False,95,Strong
JIOFIN,Jio Financial Services Ltd,Mar 2024,2024,-678.0,1441.0,-753.0,11.0,1855.0,1559.0,1605.0,763.0,-0.4224299065420561,Accrual Risk,77.68194070080862,Capital Intensive,48.94162924951892,-,+,-,Other,False,True,False,False,True,45,Watch
JSWENERGY,JSW Energy Ltd,Mar 2013,2013,1725.0,-944.0,-684.0,96.0,8870.0,2801.0,901.0,781.0,1.9145394006659266,High Quality,10.642615558060879,Capital Intensive,27.882898964655478,+,-,-,Shareholder Returns,False,False,False,False,False,95,Strong
JSWENERGY,JSW Energy Ltd,Mar 2014,2014,2269.0,-363.0,-1859.0,48.0,8648.0,3255.0,760.0,1906.0,2.985526315789474,High Quality,4.197502312673451,Moderate,58.556067588325654,+,-,-,Shareholder Returns,False,False,False,False,False,95,Strong
JSWENERGY,JSW Energy Ltd,Mar 2015,2015,3394.0,-422.0,-2327.0,645.0,9347.0,3624.0,1358.0,2972.0,2.499263622974963,High Quality,4.51481758853108,Moderate,82.00883002207505,+,-,-,Shareholder Returns,False,False,False,False,False,95,Strong
JSWENERGY,JSW Energy Ltd,Mar 2016,2016,3538.0,-3272.0,-1622.0,-1357.0,9824.0,4029.0,1460.0,266.0,2.4232876712328766,High Quality,33.30618892508143,Capital Intensive,6.602134524695955,+,-,-,Shareholder Returns,False,False,False,False,False,95,Strong
JSWENERGY,JSW Energy Ltd,Mar 2017,2017,3853.0,-762.0,-2595.0,496.0,8263.0,3324.0,623.0,3091.0,6.184590690208668,High Quality,9.221832264310784,Capital Intensive,92.99037304452466,+,-,-,Shareholder Returns,False,False,False,False,False,95,Strong
JSWENERGY,JSW Energy Ltd,Mar 2018,2018,3934.0,-215.0,-3968.0,-249.0,8049.0,2713.0,85.0,3719.0,46.28235294117647,High Quality,2.67113927195925,Asset Light,137.08072244747513,+,-,-,Shareholder Returns,False,False,False,False,False,95,Strong
JSWENERGY,JSW Energy Ltd,Mar 2019,2019,2491.0,-55.0,-2523.0,-87.0,9138.0,2855.0,684.0,2436.0,3.641812865497076,High Quality,0.6018822499452834,Asset Light,85.32399299474605,+,-,-,Shareholder Returns,False,False,False,False,False,95,Strong
JSWENERGY,JSW Energy Ltd,Mar 2020,2020,2082.0,301.0,-1962.0,421.0,8273.0,2957.0,1081.0,2383.0,1.9259944495837187,High Quality,3.6383415931342924,Moderate,80.58843422387555,+,+,-,Liquidating Assets,False,False,False,False,False,85,Strong
JSWENERGY,JSW Energy Ltd,Mar 2021,2021,3700.0,-1030.0,-2515.0,155.0,6922.0,2913.0,823.0,2670.0,4.495747266099635,High Quality,14.88009245882693,Capital Intensive,91.65808444902163,+,-,-,Shareholder Returns,False,False,False,False,False,95,Strong
JSWENERGY,JSW Energy Ltd,Mar 2022,2022,2952.0,-1387.0,-781.0,784.0,8167.0,3572.0,1743.0,1565.0,1.693631669535284,High Quality,16.982980286518917,Capital Intensive,43.81298992161254,+,-,-,Shareholder Returns,False,False,False,False,False,95,Strong
JSWENERGY,JSW Energy Ltd,Mar 2023,2023,2084.0,-6778.0,7327.0,2634.0,10332.0,3282.0,1480.0,-4694.0,1.4081081081081082,High Quality,65.60201316298877,Capital Intensive,-143.02254722730044,+,-,+,Mixed,False,False,False,False,False,55,Watch
JSWENERGY,JSW Energy Ltd,Mar 2024,2024,6234.0,-8197.0,1675.0,-289.0,11486.0,5382.0,1725.0,-1963.0,3.6139130434782607,High Quality,71.36514017064252,Capital Intensive,-36.473429951690825,+,-,+,Mixed,False,False,False,False,False,55,Watch
JSWSTEEL,JSW Steel Ltd,Mar 2013,2013,5844.0,-5433.0,-791.0,-380.0,38210.0,6512.0,929.0,411.0,6.290635091496233,High Quality,14.218790892436534,Capital Intensive,6.311425061425062,+,-,-,Shareholder Returns,False,False,False,False,False,95,Strong
JSWSTEEL,JSW Steel Ltd,Mar 2014,2014,2594.0,-5618.0,3300.0,276.0,51220.0,9169.0,402.0,-3024.0,6.45273631840796,High Quality,10.96837172979305,Capital Intensive,-32.98069582288145,+,-,+,Mixed,False,False,False,False,False,55,Watch
JSWSTEEL,JSW Steel Ltd,Mar 2015,2015,7876.0,-7372.0,-169.0,334.0,52972.0,9364.0,1722.0,504.0,4.5737514518002325,High Quality,13.916786226685796,Capital Intensive,5.3823152498932085,+,-,-,Shareholder Returns,False,False,False,False,False,95,Strong
JSWSTEEL,JSW Steel Ltd,Mar 2016,2016,6897.0,-3857.0,-3151.0,-111.0,41546.0,6422.0,-481.0,3040.0,-14.338877338877339,Accrual Risk,9.283685553362538,Capital Intensive,47.337278106508876,+,-,-,Reinvestor,False,False,False,False,False,55,Watch
JSWSTEEL,JSW Steel Ltd,Mar 2017,2017,7888.0,-5094.0,-2710.0,84.0,55604.0,12308.0,3467.0,2794.0,2.275165849437554,High Quality,9.161211423638587,Capital Intensive,22.700682482937925,+,-,-,Shareholder Returns,False,False,False,False,False,95,Strong
JSWSTEEL,JSW Steel Ltd,Mar 2018,2018,12379.0,-4529.0,-8185.0,-335.0,71933.0,14916.0,6113.0,7850.0,2.0250286275151317,High Quality,6.296136682746445,Moderate,52.62805041566103,+,-,-,Shareholder Returns,False,False,False,False,False,95,Strong
JSWSTEEL,JSW Steel Ltd,Mar 2019,2019,14633.0,-11387.0,1753.0,4999.0,84757.0,18930.0,7524.0,3246.0,1.944843168527379,High Quality,13.434878535106245,Capital Intensive,17.147385103011093,+,-,+,Mixed,False,False,False,False,False,85,Strong
JSWSTEEL,JSW Steel Ltd,Mar 2020,2020,12785.0,-19589.0,5189.0,-1615.0,73326.0,11813.0,3919.0,-6804.0,3.262311814238326,High Quality,26.714944221694896,Capital Intensive,-57.597562007957336,+,-,+,Mixed,False,False,False,False,False,55,Watch
JSWSTEEL,JSW Steel Ltd,Mar 2021,2021,18789.0,-7702.0,-3110.0,7977.0,79839.0,20178.0,7873.0,11087.0,2.3865108599009273,High Quality,9.646914415260714,Capital Intensive,54.94598077113688,+,-,-,Shareholder Returns,False,False,False,False,False,95,Strong
JSWSTEEL,JSW Steel Ltd,Mar 2022,2022,26270.0,-14748.0,-14657.0,-3135.0,146371.0,39114.0,20938.0,11522.0,1.2546566052153978,High Quality,10.07576637448675,Capital Intensive,29.457483254077825,+,-,-,Shareholder Returns,False,False,False,False,False,95,Strong
JSWSTEEL,JSW Steel Ltd,Mar 2023,2023,23323.0,-10730.0,-5977.0,6616.0,165960.0,18470.0,4139.0,12593.0,5.634935974873158,High Quality,6.465413352615087,Moderate,68.18083378451543,+,-,-,Shareholder Returns,False,False,False,False,False,95,Strong
JSWSTEEL,JSW Steel Ltd,Mar 2024,2024,12078.0,-14467.0,-5005.0,-7394.0,175006.0,28157.0,8973.0,-2389.0,1.3460381143430291,High Quality,8.266573717472543,Capital Intensive,-8.48456866853713,+,-,-,Shareholder Returns,False,False,False,False,False,65,Healthy
KOTAKBANK,Kotak Mahindra Bank Ltd,Mar 2013,2013,2878.0,-9035.0,7099.0,942.0,10838.0,6603.0,2238.0,-6157.0,1.285969615728329,High Quality,83.36408931537184,Capital Intensive,-93.2454944722096,+,-,+,Mixed,False,False,False,False,False,55,Watch
KOTAKBANK,Kotak Mahindra Bank Ltd,Mar 2014,2014,9068.0,-1130.0,-5814.0,2125.0,11986.0,7053.0,2527.0,7938.0,3.588444796201029,High Quality,9.427665609878192,Capital Intensive,112.54785197788175,+,-,-,Shareholder Returns,False,False,False,False,False,95,Strong
KOTAKBANK,Kotak Mahindra Bank Ltd,Mar 2015,2015,2302.0,-4467.0,2426.0,260.0,13319.0,9718.0,3105.0,-2165.0,0.7413848631239935,Moderate,33.5385539454914,Capital Intensive,-22.278246552788637,+,-,+,Mixed,False,False,False,False,False,45,Watch
KOTAKBANK,Kotak Mahindra Bank Ltd,Mar 2016,2016,5025.0,-2353.0,2024.0,4696.0,20402.0,11541.0,3524.0,2672.0,1.4259364358683315,High Quality,11.533183021272423,Capital Intensive,23.15223984056841,+,-,+,Mixed,False,False,False,False,False,85,Strong
KOTAKBANK,Kotak Mahindra Bank Ltd,Mar 2017,2017,13222.0,-5289.0,6055.0,13989.0,22324.0,14832.0,5019.0,7933.0,2.634389320581789,High Quality,23.691990682673357,Capital Intensive,53.485706580366774,+,-,+,Mixed,False,False,False,False,False,85,Strong
KOTAKBANK,Kotak Mahindra Bank Ltd,Mar 2018,2018,-10392.0,-5475.0,14679.0,-1188.0,25131.0,16805.0,6258.0,-15867.0,-1.660594439117929,Accrual Risk,21.78584218694043,Capital Intensive,-94.41832787860756,-,-,+,Growth Funded by Debt,False,True,True,True,True,0,Distress
KOTAKBANK,Kotak Mahindra Bank Ltd,Mar 2019,2019,1822.0,-3323.0,8365.0,6864.0,29831.0,19758.0,7204.0,-1501.0,0.2529150471960022,Accrual Risk,11.139418725486909,Capital Intensive,-7.596922765462091,+,-,+,Mixed,False,False,False,False,False,15,Distress
KOTAKBANK,Kotak Mahindra Bank Ltd,Mar 2020,2020,46619.0,-13068.0,-735.0,32815.0,33474.0,22578.0,8593.0,33551.0,5.425229838240428,High Quality,39.03925434665711,Capital Intensive,148.60040747630435,+,-,-,Shareholder Returns,False,False,False,False,False,95,Strong
KOTAKBANK,Kotak Mahindra Bank Ltd,Mar 2021,2021,4881.0,-11172.0,-10072.0,-16363.0,32820.0,29812.0,9990.0,-6291.0,0.4885885885885886,Accrual Risk,34.040219378427786,Capital Intensive,-21.102240708439552,+,-,-,Reinvestor,False,False,False,False,False,25,Distress
KOTAKBANK,Kotak Mahindra Bank Ltd,Mar 2022,2022,8308.0,-10903.0,7543.0,4949.0,33741.0,30699.0,12089.0,-2595.0,0.6872363305484325,Moderate,32.31380219910495,Capital Intensive,-8.453044073096844,+,-,+,Mixed,False,False,False,False,False,45,Watch
KOTAKBANK,Kotak Mahindra Bank Ltd,Mar 2023,2023,-1242.0,-10381.0,1883.0,-9740.0,42151.0,33485.0,14925.0,-11623.0,-0.08321608040201005,Accrual Risk,24.62812270171526,Capital Intensive,-34.71106465581604,-,-,+,Growth Funded by Debt,True,True,True,True,True,0,Distress
KOTAKBANK,Kotak Mahindra Bank Ltd,Mar 2024,2024,15685.0,-8919.0,15515.0,22281.0,56237.0,47052.0,18213.0,6766.0,0.8611980453522209,Moderate,15.859665344879707,Capital Intensive,14.379835076086033,+,-,+,Mixed,False,False,False,False,False,75,Healthy
LICI,Life Insurance Corporation of India,Mar 2019,2019,13274.0,9636.0,-13700.0,9210.0,571508.0,5920.0,2627.0,22910.0,5.052912066996574,High Quality,1.6860656368764744,Asset Light,386.9932432432432,+,+,-,Liquidating Assets,False,False,False,False,False,85,Strong
LICI,Life Insurance Corporation of India,Mar 2020,2020,54367.0,-40415.0,-18664.0,-4712.0,628043.0,-6947.0,2710.0,13952.0,20.06162361623616,High Quality,6.435068936362638,Moderate,-200.83489275946454,+,-,-,Shareholder Returns,False,False,False,False,False,95,Strong
LICI,Life Insurance Corporation of India,Mar 2021,2021,80602.0,148447.0,-256125.0,-27077.0,690914.0,-252.0,2974.0,229049.0,27.10221923335575,High Quality,21.485597339176802,Capital Intensive,-90892.46031746031,+,+,-,Liquidating Assets,False,False,False,False,False,85,Strong
LICI,Life Insurance Corporation of India,Mar 2022,2022,-3783.0,12531.0,0.0,8748.0,723606.0,3326.0,4125.0,8748.0,-0.9170909090909091,Accrual Risk,1.731743517881278,Asset Light,263.0186410102225,-,+,0,Other,False,True,False,False,True,45,Watch
LICI,Life Insurance Corporation of India,Mar 2023,2023,54519.0,-52848.0,-949.0,722.0,784628.0,34207.0,35997.0,1671.0,1.5145428785732145,High Quality,6.735421116758515,Moderate,4.884965065629842,+,-,-,Shareholder Returns,False,False,False,False,False,95,Strong
LICI,Life Insurance Corporation of India,Mar 2024,2024,26122.0,-25269.0,-4427.0,-3574.0,845966.0,32779.0,40916.0,853.0,0.6384299540522045,Moderate,2.986999477520373,Asset Light,2.6022758473412853,+,-,-,Reinvestor,False,False,False,False,False,85,Strong
LODHA,Macrotech Developers Ltd,Mar 2016,2016,387.0,-854.0,330.0,-137.0,8249.0,2126.0,703.0,-467.0,0.55049786628734,Moderate,10.35277003273124,Capital Intensive,-21.966133584195674,+,-,+,Mixed,False,False,False,False,False,45,Watch
LODHA,Macrotech Developers Ltd,Mar 2017,2017,1469.0,-1174.0,-312.0,-16.0,7926.0,1614.0,584.0,295.0,2.5154109589041096,High Quality,14.812011102699973,Capital Intensive,18.277571251548945,+,-,-,Shareholder Returns,False,False,False,False,False,95,Strong
LODHA,Macrotech Developers Ltd,Mar 2018,2018,696.0,-651.0,24.0,69.0,9677.0,1682.0,794.0,45.0,0.8765743073047859,Moderate,6.727291515965692,Moderate,2.67538644470868,+,-,+,Mixed,False,False,False,False,False,75,Healthy
LODHA,Macrotech Developers Ltd,Mar 2019,2019,-463.0,-175.0,736.0,97.0,11907.0,3179.0,1644.0,-638.0,-0.2816301703163017,Accrual Risk,1.4697236919459142,Asset Light,-20.069204152249135,-,-,+,Growth Funded by Debt,False,True,True,True,True,0,Distress
LODHA,Macrotech Developers Ltd,Mar 2020,2020,3772.0,182.0,-4188.0,-234.0,12443.0,1917.0,742.0,3954.0,5.083557951482479,High Quality,1.4626697741702162,Asset Light,206.25978090766824,+,+,-,Liquidating Assets,False,False,False,False,False,85,Strong
LODHA,Macrotech Developers Ltd,Mar 2021,2021,2524.0,420.0,-2835.0,109.0,5449.0,1383.0,48.0,2944.0,52.583333333333336,High Quality,7.707836300238576,Moderate,212.8705712219812,+,+,-,Liquidating Assets,False,False,False,False,False,85,Strong
LODHA,Macrotech Developers Ltd,Mar 2022,2022,1998.0,1139.0,-2888.0,250.0,9233.0,2186.0,1208.0,3137.0,1.653973509933775,High Quality,12.336185421856385,Capital Intensive,143.50411710887465,+,+,-,Liquidating Assets,False,False,False,False,False,85,Strong
LODHA,Macrotech Developers Ltd,Mar 2023,2023,2750.0,1789.0,-3706.0,834.0,9470.0,2064.0,490.0,4539.0,5.612244897959184,High Quality,18.891235480464623,Capital Intensive,219.9127906976744,+,+,-,Liquidating Assets,False,False,False,False,False,85,Strong
LODHA,Macrotech Developers Ltd,Mar 2024,2024,2512.0,-2947.0,951.0,516.0,10316.0,2665.0,1554.0,-435.0,1.6164736164736164,High Quality,28.567274137262505,Capital Intensive,-16.322701688555348,+,-,+,Mixed,False,False,False,False,False,55,Watch
LT,Larsen & Toubro Ltd,Mar 2013,2013,-4355.0,-6922.0,11429.0,152.0,74426.0,11394.0,5291.0,-11277.0,-0.8230958230958231,Accrual Risk,9.30051326149464,Capital Intensive,-98.97314375987362,-,-,+,Growth Funded by Debt,False,True,True,True,True,0,Distress
LT,Larsen & Toubro Ltd,Mar 2014,2014,-7143.0,-5510.0,13136.0,483.0,85054.0,14086.0,4885.0,-12653.0,-1.462231320368475,Accrual Risk,6.478237355092059,Moderate,-89.82677836149368,-,-,+,Growth Funded by Debt,False,True,True,True,True,0,Distress
LT,Larsen & Toubro Ltd,Mar 2015,2015,-1365.0,-4778.0,7903.0,1759.0,91929.0,15684.0,4966.0,-6143.0,-0.27486910994764396,Accrual Risk,5.197489366793938,Moderate,-39.16730425911757,-,-,+,Growth Funded by Debt,True,True,True,True,True,0,Distress
LT,Larsen & Toubro Ltd,Mar 2016,2016,-3240.0,-4627.0,7253.0,-613.0,101122.0,15486.0,4592.0,-7867.0,-0.705574912891986,Accrual Risk,4.575661082652637,Moderate,-50.800723233888675,-,-,+,Growth Funded by Debt,True,True,True,True,True,0,Distress
LT,Larsen & Toubro Ltd,Mar 2017,2017,6655.0,-9796.0,2896.0,-245.0,109312.0,16620.0,6486.0,-3141.0,1.0260561208757324,High Quality,8.96150468384075,Capital Intensive,-18.898916967509024,+,-,+,Mixed,True,False,False,False,True,35,Distress
LT,Larsen & Toubro Ltd,Mar 2018,2018,-10031.0,3914.0,9370.0,3254.0,119683.0,20111.0,8004.0,-6117.0,-1.253248375812094,Accrual Risk,3.2703057242883284,Moderate,-30.41619014469693,-,+,+,Distress Signal,True,True,True,True,True,0,Distress
LT,Larsen & Toubro Ltd,Mar 2019,2019,-4756.0,-11023.0,15440.0,-338.0,135220.0,22866.0,10217.0,-15779.0,-0.46549867867280026,Accrual Risk,8.151900606419169,Capital Intensive,-69.0063850258025,-,-,+,Growth Funded by Debt,True,True,True,True,True,0,Distress
LT,Larsen & Toubro Ltd,Mar 2020,2020,6694.0,-8408.0,6372.0,4658.0,145452.0,24553.0,10894.0,-1714.0,0.6144666789058197,Moderate,5.780601160520309,Moderate,-6.980817008104916,+,-,+,Mixed,True,False,False,False,True,25,Distress
LT,Larsen & Toubro Ltd,Mar 2021,2021,23074.0,-5750.0,-15274.0,2049.0,135979.0,23460.0,12921.0,17324.0,1.7857750948069036,High Quality,4.22859412115106,Moderate,73.84484228473998,+,-,-,Shareholder Returns,False,False,False,False,False,95,Strong
LT,Larsen & Toubro Ltd,Mar 2022,2022,19164.0,-3585.0,-15181.0,397.0,156521.0,24314.0,10419.0,15579.0,1.8393319896343219,High Quality,2.2904274825742235,Asset Light,64.07419593649749,+,-,-,Shareholder Returns,False,False,False,False,False,95,Strong
LT,Larsen & Toubro Ltd,Mar 2023,2023,22777.0,-8048.0,-11572.0,3156.0,183341.0,27166.0,12531.0,14729.0,1.8176522224882292,High Quality,4.389634615279725,Moderate,54.21850842965471,+,-,-,Shareholder Returns,False,False,False,False,False,95,Strong
LT,Larsen & Toubro Ltd,Mar 2024,2024,18266.0,2179.0,-25413.0,-4968.0,221113.0,29865.0,15547.0,20445.0,1.1748890461182222,High Quality,0.9854689683555468,Asset Light,68.45806127574083,+,+,-,Liquidating Assets,False,False,False,False,False,85,Strong
LTIM,LTIMindtree Ltd,Mar 2013,2013,608.0,-224.0,-396.0,-13.0,3851.0,870.0,562.0,384.0,1.0818505338078293,High Quality,5.816670994546871,Moderate,44.13793103448276,+,-,-,Shareholder Returns,False,False,False,False,False,95,Strong
LTIM,LTIMindtree Ltd,Mar 2014,2014,628.0,180.0,-769.0,40.0,4920.0,1147.0,996.0,808.0,0.6305220883534136,Moderate,3.6585365853658534,Moderate,70.44463818657367,+,+,-,Liquidating Assets,False,False,False,False,False,75,Healthy
LTIM,LTIMindtree Ltd,Mar 2015,2015,642.0,-103.0,-497.0,42.0,4978.0,1005.0,769.0,539.0,0.834850455136541,Moderate,2.06910405785456,Asset Light,53.6318407960199,+,-,-,Reinvestor,False,False,False,False,False,85,Strong
LTIM,LTIMindtree Ltd,Mar 2016,2016,858.0,-40.0,-817.0,2.0,5846.0,1028.0,836.0,818.0,1.0263157894736843,High Quality,0.6842285323297981,Asset Light,79.57198443579766,+,-,-,Shareholder Returns,False,False,False,False,False,95,Strong
LTIM,LTIMindtree Ltd,Mar 2017,2017,1170.0,-961.0,-33.0,176.0,6501.0,1230.0,971.0,209.0,1.2049433573635426,High Quality,14.782341178280264,Capital Intensive,16.991869918699187,+,-,-,Shareholder Returns,False,False,False,False,False,95,Strong
LTIM,LTIMindtree Ltd,Mar 2018,2018,844.0,-452.0,-408.0,-16.0,7306.0,1187.0,1112.0,392.0,0.7589928057553957,Moderate,6.186695866411169,Moderate,33.02443133951137,+,-,-,Reinvestor,False,False,False,False,False,85,Strong
LTIM,LTIMindtree Ltd,Mar 2019,2019,1395.0,-749.0,-594.0,52.0,9446.0,1883.0,1516.0,646.0,0.9201846965699209,Moderate,7.929282235867034,Moderate,34.30695698353691,+,-,-,Reinvestor,False,False,False,False,False,85,Strong
LTIM,LTIMindtree Ltd,Mar 2020,2020,1644.0,-643.0,-890.0,110.0,10879.0,2029.0,1520.0,1001.0,1.081578947368421,High Quality,5.910469712289732,Moderate,49.33464760965993,+,-,-,Shareholder Returns,False,False,False,False,False,95,Strong
LTIM,LTIMindtree Ltd,Mar 2021,2021,2400.0,-1657.0,-509.0,234.0,12370.0,2725.0,1938.0,743.0,1.238390092879257,High Quality,13.39531123686338,Capital Intensive,27.26605504587156,+,-,-,Shareholder Returns,False,False,False,False,False,95,Strong
LTIM,LTIMindtree Ltd,Mar 2022,2022,3251.0,-1643.0,-1680.0,-73.0,26109.0,5249.0,3950.0,1608.0,0.8230379746835443,Moderate,6.29284920908499,Moderate,30.634406553629262,+,-,-,Reinvestor,False,False,False,False,False,85,Strong
LTIM,LTIMindtree Ltd,Mar 2023,2023,3095.0,-271.0,-1932.0,892.0,33183.0,6108.0,4410.0,2824.0,0.7018140589569161,Moderate,0.8166832414187988,Asset Light,46.234446627373934,+,-,-,Reinvestor,False,False,False,False,False,85,Strong
LTIM,LTIMindtree Ltd,Mar 2024,2024,5670.0,-3918.0,-2269.0,-518.0,35517.0,6387.0,4585.0,1752.0,1.2366412213740459,High Quality,11.031337106174508,Capital Intensive,27.430718647252235,+,-,-,Shareholder Returns,False,False,False,False,False,95,Strong
M&M,Mahindra & Mahindra Ltd,Mar 2013,2013,-922.0,-2903.0,4508.0,684.0,68693.0,9116.0,4129.0,-3825.0,-0.223298619520465,Accrual Risk,4.226049233546359,Moderate,-41.95919262834577,-,-,+,Growth Funded by Debt,False,True,True,True,True,0,Distress
M&M,Mahindra & Mahindra Ltd,Mar 2014,2014,-244.0,-4524.0,5577.0,810.0,74001.0,10170.0,5154.0,-4768.0,-0.0473418703919286,Accrual Risk,6.113430899582438,Moderate,-46.88298918387414,-,-,+,Growth Funded by Debt,False,True,True,True,True,0,Distress
M&M,Mahindra & Mahindra Ltd,Mar 2015,2015,1055.0,-4357.0,1669.0,-1633.0,71448.0,8793.0,3381.0,-3302.0,0.3120378586217096,Accrual Risk,6.098141305564886,Moderate,-37.55259865802343,+,-,+,Mixed,True,False,False,False,True,0,Distress
M&M,Mahindra & Mahindra Ltd,Mar 2016,2016,2385.0,-5506.0,2967.0,-154.0,75841.0,10082.0,3554.0,-3121.0,0.6710748452447945,Moderate,7.259925370182355,Moderate,-30.956159492164254,+,-,+,Mixed,True,False,False,False,True,25,Distress
M&M,Mahindra & Mahindra Ltd,Mar 2017,2017,183.0,-5875.0,6108.0,416.0,83773.0,10735.0,4051.0,-5692.0,0.04517403110343125,Accrual Risk,7.012999415086006,Moderate,-53.02282254308337,+,-,+,Mixed,True,False,False,False,True,0,Distress
M&M,Mahindra & Mahindra Ltd,Mar 2018,2018,682.0,-5467.0,6314.0,1529.0,92094.0,13226.0,7958.0,-4785.0,0.0856999246041719,Accrual Risk,5.936325927856321,Moderate,-36.178738847724176,+,-,+,Mixed,True,False,False,False,True,0,Distress
M&M,Mahindra & Mahindra Ltd,Mar 2019,2019,-4347.0,-7174.0,13194.0,1672.0,104721.0,15207.0,6017.0,-11521.0,-0.7224530496925378,Accrual Risk,6.850583932544571,Moderate,-75.76116262247649,-,-,+,Growth Funded by Debt,True,True,True,True,True,0,Distress
M&M,Mahindra & Mahindra Ltd,Mar 2020,2020,-1457.0,-6870.0,6933.0,-1394.0,75382.0,10158.0,-321.0,-8327.0,4.538940809968848,High Quality,9.113581491602769,Capital Intensive,-81.9747981886198,-,-,+,Growth Funded by Debt,True,True,True,True,True,10,Distress
M&M,Mahindra & Mahindra Ltd,Mar 2021,2021,17909.0,-19686.0,406.0,-1370.0,74278.0,11487.0,1512.0,-1777.0,11.84457671957672,High Quality,26.503136864212824,Capital Intensive,-15.469661356315836,+,-,+,Mixed,True,False,False,False,True,35,Distress
M&M,Mahindra & Mahindra Ltd,Mar 2022,2022,9248.0,-3252.0,-5883.0,113.0,90171.0,14683.0,7253.0,5996.0,1.2750585964428511,High Quality,3.60648101939648,Moderate,40.83634134713615,+,-,-,Shareholder Returns,False,False,False,False,False,95,Strong
M&M,Mahindra & Mahindra Ltd,Mar 2023,2023,-7074.0,-8866.0,15946.0,6.0,121269.0,20285.0,11374.0,-15940.0,-0.6219447863548444,Accrual Risk,7.311019304191508,Moderate,-78.58023169829924,-,-,+,Growth Funded by Debt,False,True,True,True,True,0,Distress
M&M,Mahindra & Mahindra Ltd,Mar 2024,2024,-5630.0,-5615.0,12281.0,1037.0,139078.0,24892.0,12270.0,-11245.0,-0.4588427057864711,Accrual Risk,4.0373028084959515,Moderate,-45.17515667684396,-,-,+,Growth Funded by Debt,False,True,True,True,True,0,Distress
MARUTI,Maruti Suzuki India Ltd,Mar 2013,2013,4059.0,-3119.0,-979.0,-39.0,44304.0,4361.0,2470.0,940.0,1.6433198380566802,High Quality,7.039996388587938,Moderate,21.554689291446916,+,-,-,Shareholder Returns,False,False,False,False,False,95,Strong
MARUTI,Maruti Suzuki India Ltd,Mar 2014,2014,4995.0,-4997.0,-74.0,-76.0,44542.0,5310.0,2854.0,-2.0,1.750175192711983,High Quality,11.218625117866283,Capital Intensive,-0.03766478342749529,+,-,-,Shareholder Returns,False,False,False,False,False,65,Healthy
MARUTI,Maruti Suzuki India Ltd,Mar 2015,2015,6449.0,-4491.0,-2004.0,-45.0,50801.0,6892.0,3809.0,1958.0,1.693095300603833,High Quality,8.84037715792996,Capital Intensive,28.40975043528729,+,-,-,Shareholder Returns,False,False,False,False,False,95,Strong
MARUTI,Maruti Suzuki India Ltd,Mar 2016,2016,8482.0,-7230.0,-1237.0,16.0,57589.0,9024.0,5497.0,1252.0,1.543023467345825,High Quality,12.554480890447827,Capital Intensive,13.874113475177305,+,-,-,Shareholder Returns,False,False,False,False,False,95,Strong
MARUTI,Maruti Suzuki India Ltd,Mar 2017,2017,10282.0,-9173.0,-1129.0,-20.0,68085.0,10421.0,7511.0,1109.0,1.3689255758221275,High Quality,13.472864801351253,Capital Intensive,10.641972939257268,+,-,-,Shareholder Returns,False,False,False,False,False,95,Strong
MARUTI,Maruti Suzuki India Ltd,Mar 2018,2018,11788.0,-8302.0,-3436.0,50.0,79809.0,12118.0,7881.0,3486.0,1.4957492703971578,High Quality,10.402335576188149,Capital Intensive,28.767123287671232,+,-,-,Shareholder Returns,False,False,False,False,False,95,Strong
MARUTI,Maruti Suzuki India Ltd,Mar 2019,2019,6601.0,-3540.0,-2948.0,113.0,86068.0,11056.0,7651.0,3061.0,0.8627630375114365,Moderate,4.113026908955709,Moderate,27.68632416787265,+,-,-,Reinvestor,False,False,False,False,False,85,Strong
MARUTI,Maruti Suzuki India Ltd,Mar 2020,2020,3496.0,-557.0,-3104.0,-165.0,75660.0,7355.0,5678.0,2939.0,0.6157097569566748,Moderate,0.7361882104150145,Asset Light,39.95921142080218,+,-,-,Reinvestor,False,False,False,False,False,85,Strong
MARUTI,Maruti Suzuki India Ltd,Mar 2021,2021,8856.0,-7291.0,-1545.0,20.0,70372.0,5411.0,4389.0,1565.0,2.017771701982228,High Quality,10.360654805888705,Capital Intensive,28.922565145074845,+,-,-,Shareholder Returns,False,False,False,False,False,95,Strong
MARUTI,Maruti Suzuki India Ltd,Mar 2022,2022,1840.0,-239.0,-1607.0,-6.0,88330.0,5752.0,3880.0,1601.0,0.4742268041237113,Accrual Risk,0.27057624816030795,Asset Light,27.833796940194716,+,-,-,Reinvestor,False,False,False,False,False,55,Watch
MARUTI,Maruti Suzuki India Ltd,Mar 2023,2023,10815.0,-8820.0,-1214.0,780.0,118410.0,13122.0,8264.0,1995.0,1.3086882865440466,High Quality,7.448695211553079,Moderate,15.203475080018288,+,-,-,Shareholder Returns,False,False,False,False,False,95,Strong
MARUTI,Maruti Suzuki India Ltd,Mar 2024,2024,16801.0,-11865.0,-4062.0,874.0,141858.0,18626.0,13488.0,4936.0,1.2456257413997627,High Quality,8.363997800617518,Capital Intensive,26.500590572318266,+,-,-,Shareholder Returns,False,False,False,False,False,95,Strong
MOTHERSON,Samvardhana Motherson International Ltd,Mar 2013,2013,1486.0,-1089.0,-256.0,142.0,25298.0,1480.0,452.0,397.0,3.2876106194690267,High Quality,4.304688117637758,Moderate,26.824324324324323,+,-,-,Shareholder Returns,False,False,False,False,False,95,Strong
MOTHERSON,Samvardhana Motherson International Ltd,Mar 2014,2014,2695.0,-1372.0,-1080.0,243.0,30414.0,2397.0,1097.0,1323.0,2.456700091157703,High Quality,4.511080423489182,Moderate,55.19399249061326,+,-,-,Shareholder Returns,False,False,False,False,False,95,Strong
MOTHERSON,Samvardhana Motherson International Ltd,Mar 2015,2015,3390.0,-2844.0,494.0,1040.0,34661.0,2844.0,1292.0,546.0,2.623839009287926,High Quality,8.2051873863997,Capital Intensive,19.198312236286917,+,-,+,Mixed,False,False,False,False,False,85,Strong
MOTHERSON,Samvardhana Motherson International Ltd,Mar 2016,2016,2188.0,-1906.0,-263.0,19.0,37216.0,3548.0,1774.0,282.0,1.23337091319053,High Quality,5.121453138435082,Moderate,7.94813979706877,+,-,-,Shareholder Returns,False,False,False,False,False,95,Strong
MOTHERSON,Samvardhana Motherson International Ltd,Mar 2017,2017,3800.0,-6145.0,5518.0,3172.0,42376.0,4171.0,2172.0,-2345.0,1.7495395948434622,High Quality,14.501132716632057,Capital Intensive,-56.22152960920642,+,-,+,Mixed,False,False,False,False,False,55,Watch
MOTHERSON,Samvardhana Motherson International Ltd,Mar 2018,2018,3264.0,-3194.0,-2221.0,-2152.0,56303.0,5128.0,2260.0,70.0,1.4442477876106194,High Quality,5.672877111343978,Moderate,1.3650546021840875,+,-,-,Shareholder Returns,False,False,False,False,False,95,Strong
MOTHERSON,Samvardhana Motherson International Ltd,Mar 2019,2019,4312.0,-3318.0,-225.0,769.0,63523.0,5348.0,2098.0,994.0,2.0552907530981885,High Quality,5.223304944665712,Moderate,18.586387434554975,+,-,-,Shareholder Returns,False,False,False,False,False,95,Strong
MOTHERSON,Samvardhana Motherson International Ltd,Mar 2020,2020,6352.0,-2220.0,-2803.0,1329.0,60729.0,4654.0,1294.0,4132.0,4.908809891808346,High Quality,3.6555846465444843,Moderate,88.78384185646756,+,-,-,Shareholder Returns,False,False,False,False,False,95,Strong
MOTHERSON,Samvardhana Motherson International Ltd,Mar 2021,2021,5051.0,-1886.0,-2098.0,1068.0,57370.0,4370.0,1569.0,3165.0,3.2192479286169533,High Quality,3.28743245598745,Moderate,72.42562929061785,+,-,-,Shareholder Returns,False,False,False,False,False,95,Strong
MOTHERSON,Samvardhana Motherson International Ltd,Mar 2022,2022,2463.0,-2304.0,-1217.0,-1059.0,63774.0,4714.0,1182.0,159.0,2.083756345177665,High Quality,3.6127575500987863,Moderate,3.3729316928298685,+,-,-,Shareholder Returns,False,False,False,False,False,95,Strong
MOTHERSON,Samvardhana Motherson International Ltd,Mar 2023,2023,4643.0,-2248.0,-2734.0,-339.0,78788.0,6251.0,1670.0,2395.0,2.7802395209580837,High Quality,2.8532263796517237,Asset Light,38.31386978083506,+,-,-,Shareholder Returns,False,False,False,False,False,95,Strong
MOTHERSON,Samvardhana Motherson International Ltd,Mar 2024,2024,7569.0,-6644.0,1281.0,2205.0,98692.0,9322.0,3020.0,925.0,2.5062913907284767,High Quality,6.732055283102987,Moderate,9.922763355503111,+,-,+,Mixed,False,False,False,False,False,85,Strong
NAUKRI,Info Edge (India) Ltd,Mar 2013,2013,75.0,-46.0,-12.0,16.0,472.0,121.0,76.0,29.0,0.9868421052631579,Moderate,9.745762711864407,Capital Intensive,23.96694214876033,+,-,-,Reinvestor,False,False,False,False,False,85,Strong
NAUKRI,Info Edge (India) Ltd,Mar 2014,2014,81.0,-204.0,130.0,7.0,567.0,97.0,60.0,-123.0,1.35,High Quality,35.978835978835974,Capital Intensive,-126.8041237113402,+,-,+,Mixed,False,False,False,False,False,55,Watch
NAUKRI,Info Edge (India) Ltd,Mar 2015,2015,51.0,-1051.0,1025.0,25.0,732.0,21.0,-14.0,-1000.0,-3.642857142857143,Accrual Risk,143.5792349726776,Capital Intensive,-4761.904761904762,+,-,+,Mixed,False,False,False,False,False,15,Distress
NAUKRI,Info Edge (India) Ltd,Mar 2016,2016,78.0,-2.0,-66.0,11.0,748.0,91.0,118.0,76.0,0.6610169491525424,Moderate,0.267379679144385,Asset Light,83.51648351648352,+,-,-,Reinvestor,False,False,False,False,False,85,Strong
NAUKRI,Info Edge (India) Ltd,Mar 2017,2017,213.0,-165.0,-42.0,7.0,888.0,-9.0,-43.0,48.0,-4.953488372093023,Accrual Risk,18.58108108108108,Capital Intensive,-533.3333333333333,+,-,-,Reinvestor,False,False,False,False,False,55,Watch
NAUKRI,Info Edge (India) Ltd,Mar 2018,2018,253.0,-149.0,-75.0,29.0,988.0,219.0,501.0,104.0,0.5049900199600799,Moderate,15.08097165991903,Capital Intensive,47.48858447488584,+,-,-,Reinvestor,False,False,False,False,False,85,Strong
NAUKRI,Info Edge (India) Ltd,Mar 2019,2019,276.0,-59.0,-78.0,138.0,1151.0,9.0,592.0,217.0,0.46621621621621623,Accrual Risk,5.125977410947002,Moderate,2411.111111111111,+,-,-,Reinvestor,False,False,False,False,False,55,Watch
NAUKRI,Info Edge (India) Ltd,Mar 2020,2020,350.0,97.0,-143.0,304.0,1312.0,-350.0,-246.0,447.0,-1.4227642276422765,Accrual Risk,7.393292682926829,Moderate,-127.71428571428571,+,+,-,Liquidating Assets,False,False,False,False,False,45,Watch
NAUKRI,Info Edge (India) Ltd,Mar 2021,2021,276.0,-2043.0,1880.0,113.0,1128.0,74.0,1418.0,-1767.0,0.19464033850493653,Accrual Risk,181.11702127659575,Capital Intensive,-2387.837837837838,+,-,+,Mixed,False,False,False,False,False,15,Distress
NAUKRI,Info Edge (India) Ltd,Mar 2022,2022,707.0,-1177.0,35.0,-435.0,1589.0,446.0,12882.0,-470.0,0.05488278217668064,Accrual Risk,74.07174323473883,Capital Intensive,-105.38116591928251,+,-,+,Mixed,False,False,False,False,False,15,Distress
NAUKRI,Info Edge (India) Ltd,Mar 2023,2023,512.0,-358.0,2.0,156.0,2346.0,348.0,-70.0,154.0,-7.314285714285714,Accrual Risk,15.26001705029838,Capital Intensive,44.252873563218394,+,-,+,Mixed,False,False,False,False,False,45,Watch
NAUKRI,Info Edge (India) Ltd,Mar 2024,2024,702.0,-852.0,120.0,-29.0,2536.0,711.0,595.0,-150.0,1.1798319327731093,High Quality,33.59621451104101,Capital Intensive,-21.09704641350211,+,-,+,Mixed,False,False,False,False,False,55,Watch
NESTLEIND,Nestle India Ltd,Dec 2013,2013,1796.0,-441.0,-580.0,775.0,9101.0,1948.0,1117.0,1355.0,1.6078782452999105,High Quality,4.845621360290078,Moderate,69.55852156057495,+,-,-,Shareholder Returns,False,False,False,False,False,95,Strong
NESTLEIND,Nestle India Ltd,Dec 2014,2014,1644.0,-432.0,-1635.0,-423.0,9855.0,2039.0,1185.0,1212.0,1.3873417721518988,High Quality,4.383561643835616,Moderate,59.44090240313879,+,-,-,Shareholder Returns,False,False,False,False,False,95,Strong
NESTLEIND,Nestle India Ltd,Dec 2015,2015,1098.0,-70.0,-498.0,529.0,8175.0,1555.0,563.0,1028.0,1.9502664298401422,High Quality,0.8562691131498471,Asset Light,66.10932475884245,+,-,-,Shareholder Returns,False,False,False,False,False,95,Strong
NESTLEIND,Nestle India Ltd,Dec 2016,2016,1466.0,-126.0,-666.0,674.0,9141.0,1850.0,1001.0,1340.0,1.4645354645354645,High Quality,1.3784049885132919,Asset Light,72.43243243243244,+,-,-,Shareholder Returns,False,False,False,False,False,95,Strong
NESTLEIND,Nestle India Ltd,Dec 2017,2017,1818.0,-131.0,-997.0,691.0,10010.0,2097.0,1225.0,1687.0,1.4840816326530613,High Quality,1.3086913086913086,Asset Light,80.4482594182165,+,-,-,Shareholder Returns,False,False,False,False,False,95,Strong
NESTLEIND,Nestle India Ltd,Dec 2018,2018,2052.0,-52.0,-1317.0,683.0,11292.0,2618.0,1607.0,2000.0,1.2769135034225265,High Quality,0.4605030109812256,Asset Light,76.39419404125286,+,-,-,Shareholder Returns,False,False,False,False,False,95,Strong
NESTLEIND,Nestle India Ltd,Dec 2019,2019,2295.0,83.0,-3602.0,-1223.0,12369.0,2926.0,1968.0,2378.0,1.166158536585366,High Quality,0.6710324197590751,Asset Light,81.27136021872865,+,+,-,Liquidating Assets,False,False,False,False,False,85,Strong
NESTLEIND,Nestle India Ltd,Dec 2020,2020,2454.0,-321.0,-1956.0,177.0,13350.0,3202.0,2082.0,2133.0,1.1786743515850144,High Quality,2.404494382022472,Asset Light,66.61461586508433,+,-,-,Shareholder Returns,False,False,False,False,False,95,Strong
NESTLEIND,Nestle India Ltd,Dec 2021,2021,2236.0,-1920.0,-2020.0,-1704.0,14741.0,3562.0,2118.0,316.0,1.0557129367327667,High Quality,13.024896547045655,Capital Intensive,8.871420550252667,+,-,-,Shareholder Returns,False,False,False,False,False,95,Strong
NESTLEIND,Nestle India Ltd,Dec 2022,2022,2737.0,-392.0,-2123.0,223.0,16897.0,3706.0,2391.0,2345.0,1.1447093266415727,High Quality,2.3199384506125345,Asset Light,63.275769023205605,+,-,-,Shareholder Returns,False,False,False,False,False,95,Strong
NESTLEIND,Nestle India Ltd,Dec 2023,2023,3392.0,-927.0,-2436.0,29.0,19126.0,4471.0,2999.0,2465.0,1.1310436812270757,High Quality,4.846805395796299,Moderate,55.13307984790875,+,-,-,Shareholder Returns,False,False,False,False,False,95,Strong
NESTLEIND,Nestle India Ltd,Mar 2024,2024,4175.0,-1237.0,-3135.0,-198.0,24394.0,5813.0,3933.0,2938.0,1.0615306381896772,High Quality,5.070919078461917,Moderate,50.541888869774645,+,-,-,Shareholder Returns,False,False,False,False,False,95,Strong
NHPC,NHPC Ltd,Mar 2013,2013,2846.0,-1330.0,-1344.0,172.0,6381.0,4152.0,2873.0,1516.0,0.9906021580229725,Moderate,20.84312803635794,Capital Intensive,36.51252408477842,+,-,-,Reinvestor,False,False,False,False,False,85,Strong
NHPC,NHPC Ltd,Mar 2014,2014,3824.0,-1122.0,-4536.0,-1834.0,7389.0,4342.0,1633.0,2702.0,2.3417023882424983,High Quality,15.18473406414941,Capital Intensive,62.229387379087974,+,-,-,Shareholder Returns,False,False,False,False,False,95,Strong
NHPC,NHPC Ltd,Mar 2015,2015,4061.0,-768.0,-2494.0,798.0,8221.0,5134.0,2798.0,3293.0,1.4513938527519656,High Quality,9.341929205692738,Capital Intensive,64.14102064666926,+,-,-,Shareholder Returns,False,False,False,False,False,95,Strong
NHPC,NHPC Ltd,Mar 2016,2016,5971.0,-746.0,-4000.0,1224.0,8354.0,4783.0,2365.0,5225.0,2.5247357293868924,High Quality,8.929853962173809,Capital Intensive,109.2410620949195,+,-,-,Shareholder Returns,False,False,False,False,False,95,Strong
NHPC,NHPC Ltd,Mar 2017,2017,8329.0,-1864.0,-7812.0,-1347.0,8623.0,4884.0,3480.0,6465.0,2.393390804597701,High Quality,21.616606749391163,Capital Intensive,132.37100737100738,+,-,-,Shareholder Returns,False,False,False,False,False,95,Strong
NHPC,NHPC Ltd,Mar 2018,2018,4696.0,-886.0,-3863.0,-53.0,7755.0,4248.0,2785.0,3810.0,1.6861759425493716,High Quality,11.42488716956802,Capital Intensive,89.68926553672316,+,-,-,Shareholder Returns,False,False,False,False,False,95,Strong
NHPC,NHPC Ltd,Mar 2019,2019,3824.0,-1182.0,-2637.0,5.0,8983.0,4981.0,2836.0,2642.0,1.3483779971791254,High Quality,13.158187687854836,Capital Intensive,53.04155792009637,+,-,-,Shareholder Returns,False,False,False,False,False,95,Strong
NHPC,NHPC Ltd,Mar 2020,2020,2993.0,-2987.0,12.0,17.0,10008.0,5446.0,3345.0,6.0,0.8947683109118086,Moderate,29.846123101518785,Capital Intensive,0.11017260374586854,+,-,+,Mixed,False,False,False,False,False,75,Healthy
NHPC,NHPC Ltd,Mar 2021,2021,5070.0,-1607.0,-3058.0,405.0,9648.0,5277.0,3600.0,3463.0,1.4083333333333334,High Quality,16.65630182421227,Capital Intensive,65.62440780746637,+,-,-,Shareholder Returns,False,False,False,False,False,95,Strong
NHPC,NHPC Ltd,Mar 2022,2022,4590.0,-3084.0,-638.0,867.0,9144.0,4013.0,3774.0,1506.0,1.2162162162162162,High Quality,33.727034120734906,Capital Intensive,37.52803388985796,+,-,-,Shareholder Returns,False,False,False,False,False,95,Strong
NHPC,NHPC Ltd,Mar 2023,2023,4705.0,-4191.0,-795.0,-281.0,10607.0,6184.0,4261.0,514.0,1.1042008918094344,High Quality,39.511643254454604,Capital Intensive,8.311772315653299,+,-,-,Shareholder Returns,False,False,False,False,False,95,Strong
NHPC,NHPC Ltd,Mar 2024,2024,6938.0,-5968.0,-581.0,388.0,9632.0,4807.0,4028.0,970.0,1.7224428997020853,High Quality,61.96013289036545,Capital Intensive,20.17890576242979,+,-,-,Shareholder Returns,False,False,False,False,False,95,Strong
NTPC,NTPC Ltd,Mar 2013,2013,16508.0,-16845.0,988.0,651.0,71518.0,18149.0,12586.0,-337.0,1.3116160813602415,High Quality,23.553511004222713,Capital Intensive,-1.85685161716899,+,-,+,Mixed,False,False,False,False,False,55,Watch
NTPC,NTPC Ltd,Mar 2014,2014,16531.0,-15509.0,-2709.0,-1687.0,78330.0,19727.0,11403.0,1022.0,1.4497062176620188,High Quality,19.799565938976126,Capital Intensive,5.180716784103006,+,-,-,Shareholder Returns,False,False,False,False,False,95,Strong
NTPC,NTPC Ltd,Mar 2015,2015,14889.0,-15977.0,-1474.0,-2563.0,79957.0,17352.0,9992.0,-1088.0,1.4900920736589272,High Quality,19.981990319796893,Capital Intensive,-6.2701705855232825,+,-,-,Shareholder Returns,False,False,False,False,False,65,Healthy
NTPC,NTPC Ltd,Mar 2016,2016,24125.0,-19162.0,-3899.0,1064.0,73396.0,18568.0,10781.0,4963.0,2.237733048882293,High Quality,26.107689792359256,Capital Intensive,26.72878069797501,+,-,-,Shareholder Returns,False,False,False,False,False,95,Strong
NTPC,NTPC Ltd,Mar 2017,2017,20167.0,-24480.0,3138.0,-1176.0,82042.0,21598.0,10714.0,-4313.0,1.8823035280940825,High Quality,29.838375466224615,Capital Intensive,-19.96944161496435,+,-,+,Mixed,False,False,False,False,False,55,Watch
NTPC,NTPC Ltd,Mar 2018,2018,19670.0,-20678.0,1028.0,19.0,88083.0,22485.0,10502.0,-1008.0,1.8729765758903065,High Quality,23.475585527286764,Capital Intensive,-4.482988659106071,+,-,+,Mixed,False,False,False,False,False,55,Watch
NTPC,NTPC Ltd,Mar 2019,2019,18686.0,-24063.0,4927.0,-451.0,100287.0,22710.0,14034.0,-5377.0,1.331480689753456,High Quality,23.99413682730563,Capital Intensive,-23.676794363716425,+,-,+,Mixed,True,False,False,False,True,35,Distress
NTPC,NTPC Ltd,Mar 2020,2020,23890.0,-29628.0,6004.0,266.0,109464.0,31586.0,11902.0,-5738.0,2.007225676356915,High Quality,27.066432799824604,Capital Intensive,-18.16627619831571,+,-,+,Mixed,True,False,False,False,True,35,Distress
NTPC,NTPC Ltd,Mar 2021,2021,32444.0,-21034.0,-11049.0,360.0,111531.0,34044.0,14969.0,11410.0,2.1674126528158193,High Quality,18.859330589701518,Capital Intensive,33.51545059334978,+,-,-,Shareholder Returns,False,False,False,False,False,95,Strong
NTPC,NTPC Ltd,Mar 2022,2022,41788.0,-22891.0,-19172.0,-274.0,132669.0,40362.0,16960.0,18897.0,2.463915094339623,High Quality,17.254219146899427,Capital Intensive,46.81878995094396,+,-,-,Shareholder Returns,False,False,False,False,False,95,Strong
NTPC,NTPC Ltd,Mar 2023,2023,47152.0,-26145.0,-21217.0,-210.0,176207.0,47596.0,17121.0,21007.0,2.7540447403773145,High Quality,14.837662521920242,Capital Intensive,44.136061853937306,+,-,-,Shareholder Returns,False,False,False,False,False,95,Strong
NTPC,NTPC Ltd,Mar 2024,2024,40785.0,-32141.0,-8246.0,398.0,178501.0,51456.0,21332.0,8644.0,1.9119163697731107,High Quality,18.00606159069137,Capital Intensive,16.798818407960198,+,-,-,Shareholder Returns,False,False,False,False,False,95,Strong
ONGC,Oil & Natural Gas Corpn Ltd,Mar 2013,2013,39874.0,-41220.0,-6927.0,-8273.0,161984.0,43501.0,23994.0,-1346.0,1.6618321246978411,High Quality,25.446957724219676,Capital Intensive,-3.0941817429484377,+,-,-,Shareholder Returns,False,False,False,False,False,65,Healthy
ONGC,Oil & Natural Gas Corpn Ltd,Mar 2014,2014,53270.0,-63633.0,15225.0,4862.0,174121.0,49130.0,26665.0,-10363.0,1.9977498593662104,High Quality,36.54527598623945,Capital Intensive,-21.093018522287807,+,-,+,Mixed,False,False,False,False,False,55,Watch
ONGC,Oil & Natural Gas Corpn Ltd,Mar 2015,2015,33950.0,-30058.0,-10641.0,-6749.0,160923.0,42312.0,17703.0,3892.0,1.9177540529853696,High Quality,18.678498412284135,Capital Intensive,9.198336169408206,+,-,-,Shareholder Returns,False,False,False,False,False,95,Strong
ONGC,Oil & Natural Gas Corpn Ltd,Mar 2016,2016,46292.0,-38256.0,-8972.0,-935.0,124036.0,39135.0,13102.0,8036.0,3.533201038009464,High Quality,30.842658582992033,Capital Intensive,20.534048805417147,+,-,-,Shareholder Returns,False,False,False,False,False,95,Strong
ONGC,Oil & Natural Gas Corpn Ltd,Mar 2017,2017,45780.0,-43815.0,-1867.0,99.0,282506.0,52804.0,29169.0,1965.0,1.5694744420446365,High Quality,15.509405109979966,Capital Intensive,3.72130899174305,+,-,-,Shareholder Returns,False,False,False,False,False,95,Strong
ONGC,Oil & Natural Gas Corpn Ltd,Mar 2018,2018,56792.0,-66798.0,9909.0,-97.0,322706.0,56889.0,26068.0,-10006.0,2.178609789780574,High Quality,20.69933623793794,Capital Intensive,-17.58863752219234,+,-,+,Mixed,False,False,False,False,False,55,Watch
ONGC,Oil & Natural Gas Corpn Ltd,Mar 2019,2019,61458.0,-37132.0,-23324.0,1001.0,421624.0,74819.0,33938.0,24326.0,1.8108904472862277,High Quality,8.806899038005426,Capital Intensive,32.513131691147976,+,-,-,Shareholder Returns,False,False,False,False,False,95,Strong
ONGC,Oil & Natural Gas Corpn Ltd,Mar 2020,2020,70593.0,-53159.0,-16726.0,708.0,396728.0,52105.0,11456.0,17434.0,6.162098463687151,High Quality,13.399356738117804,Capital Intensive,33.459360905863164,+,-,-,Shareholder Returns,False,False,False,False,False,95,Strong
ONGC,Oil & Natural Gas Corpn Ltd,Mar 2021,2021,47185.0,-39141.0,-8239.0,-195.0,303849.0,49473.0,21360.0,8044.0,2.2090355805243447,High Quality,12.8817274369835,Capital Intensive,16.259373799850422,+,-,-,Shareholder Returns,False,False,False,False,False,95,Strong
ONGC,Oil & Natural Gas Corpn Ltd,Mar 2022,2022,78248.0,-41197.0,-35790.0,1261.0,491246.0,79874.0,49294.0,37051.0,1.5873737168823792,High Quality,8.386226045606477,Capital Intensive,46.38680922452863,+,-,-,Shareholder Returns,False,False,False,False,False,95,Strong
ONGC,Oil & Natural Gas Corpn Ltd,Mar 2023,2023,86062.0,-74690.0,-12876.0,-1504.0,632291.0,75527.0,32778.0,11372.0,2.625602538287876,High Quality,11.812598945738593,Capital Intensive,15.056867080646654,+,-,-,Shareholder Returns,False,False,False,False,False,95,Strong
ONGC,Oil & Natural Gas Corpn Ltd,Mar 2024,2024,99263.0,-57203.0,-45650.0,-3591.0,591396.0,102835.0,57101.0,42060.0,1.7383758603176827,High Quality,9.672537521390066,Capital Intensive,40.90047162930909,+,-,-,Shareholder Returns,False,False,False,False,False,95,Strong
PFC,Power Finance Corporation Ltd,Mar 2013,2013,-25102.0,22.0,27947.0,2868.0,17314.0,5987.0,4438.0,-25080.0,-5.65615141955836,Accrual Risk,0.12706480304955528,Asset Light,-418.9076332052781,-,+,+,Distress Signal,False,True,True,True,True,0,Distress
PFC,Power Finance Corporation Ltd,Mar 2014,2014,-22473.0,9.0,17671.0,-4793.0,21407.0,7607.0,5462.0,-22464.0,-4.1144269498352255,Accrual Risk,0.042042322604755454,Asset Light,-295.30695412120417,-,+,+,Distress Signal,False,True,True,True,True,0,Distress
PFC,Power Finance Corporation Ltd,Mar 2015,2015,-21455.0,-491.0,26916.0,4970.0,24988.0,8429.0,6004.0,-21946.0,-3.5734510326449036,Accrual Risk,1.964943172722907,Asset Light,-260.3630323881836,-,-,+,Growth Funded by Debt,True,True,True,True,True,0,Distress
PFC,Power Finance Corporation Ltd,Mar 2016,2016,-13298.0,-1973.0,10383.0,-4888.0,27861.0,9162.0,6184.0,-15271.0,-2.1503880983182406,Accrual Risk,7.081583575607479,Moderate,-166.67758131412356,-,-,+,Growth Funded by Debt,True,True,True,True,True,0,Distress
PFC,Power Finance Corporation Ltd,Mar 2017,2017,1795.0,-667.0,1950.0,3079.0,27581.0,5275.0,2236.0,1128.0,0.802772808586762,Moderate,2.418331460063087,Asset Light,21.38388625592417,+,-,+,Mixed,False,False,False,False,False,75,Healthy
PFC,Power Finance Corporation Ltd,Mar 2018,2018,-57148.0,1409.0,52018.0,-3720.0,48624.0,11752.0,8797.0,-55739.0,-6.496305558713198,Accrual Risk,2.897745969068773,Asset Light,-474.2937372362151,-,+,+,Distress Signal,False,True,True,True,True,0,Distress
PFC,Power Finance Corporation Ltd,Mar 2019,2019,-80252.0,-13463.0,93616.0,-98.0,54106.0,17783.0,12640.0,-93715.0,-6.349050632911393,Accrual Risk,24.88263778508853,Capital Intensive,-526.9920710791206,-,-,+,Growth Funded by Debt,False,True,True,True,True,0,Distress
PFC,Power Finance Corporation Ltd,Mar 2020,2020,-42148.0,-73.0,43399.0,1179.0,62189.0,14012.0,9477.0,-42221.0,-4.447398965917484,Accrual Risk,0.1173841032980109,Asset Light,-301.3202968883814,-,-,+,Growth Funded by Debt,True,True,True,True,True,0,Distress
PFC,Power Finance Corporation Ltd,Mar 2021,2021,-59143.0,1741.0,60424.0,3023.0,71656.0,19871.0,15716.0,-57402.0,-3.763234919826928,Accrual Risk,2.4296639499832535,Asset Light,-288.8732323486488,-,+,+,Distress Signal,True,True,True,True,True,0,Distress
PFC,Power Finance Corporation Ltd,Mar 2022,2022,4904.0,-547.0,-8371.0,-4014.0,76262.0,23338.0,18768.0,4357.0,0.2612958226768968,Accrual Risk,0.717264168262044,Asset Light,18.669123318193503,+,-,-,Reinvestor,False,False,False,False,False,55,Watch
PFC,Power Finance Corporation Ltd,Mar 2023,2023,-74717.0,-1694.0,75537.0,-874.0,77684.0,26501.0,21179.0,-76411.0,-3.527881391944851,Accrual Risk,2.1806292157973326,Asset Light,-288.3325157541225,-,-,+,Growth Funded by Debt,False,True,True,True,True,0,Distress
PFC,Power Finance Corporation Ltd,Mar 2024,2024,-97820.0,-3409.0,101261.0,32.0,91508.0,33573.0,26461.0,-101229.0,-3.6967612713049394,Accrual Risk,3.7253573458058313,Moderate,-301.5190778303994,-,-,+,Growth Funded by Debt,False,True,True,True,True,0,Distress
PIDILITIND,Pidilite Industries Ltd,Mar 2013,2013,472.0,-144.0,-339.0,-12.0,3678.0,558.0,424.0,328.0,1.1132075471698113,High Quality,3.915171288743882,Moderate,58.78136200716846,+,-,-,Shareholder Returns,False,False,False,False,False,95,Strong
PIDILITIND,Pidilite Industries Ltd,Mar 2014,2014,394.0,-99.0,-242.0,54.0,4283.0,672.0,450.0,295.0,0.8755555555555555,Moderate,2.311463927153864,Asset Light,43.898809523809526,+,-,-,Reinvestor,False,False,False,False,False,85,Strong
PIDILITIND,Pidilite Industries Ltd,Mar 2015,2015,552.0,-436.0,-165.0,-49.0,4844.0,771.0,514.0,116.0,1.0739299610894941,High Quality,9.000825763831543,Capital Intensive,15.045395590142672,+,-,-,Shareholder Returns,False,False,False,False,False,95,Strong
PIDILITIND,Pidilite Industries Ltd,Mar 2016,2016,907.0,-491.0,-371.0,45.0,5361.0,1173.0,807.0,416.0,1.123915737298637,High Quality,9.158739041223653,Capital Intensive,35.464620630861035,+,-,-,Shareholder Returns,False,False,False,False,False,95,Strong
PIDILITIND,Pidilite Industries Ltd,Mar 2017,2017,794.0,-879.0,41.0,-45.0,5617.0,1262.0,863.0,-85.0,0.9200463499420626,Moderate,15.64892291258679,Capital Intensive,-6.735340729001585,+,-,+,Mixed,False,False,False,False,False,45,Watch
PIDILITIND,Pidilite Industries Ltd,Mar 2018,2018,796.0,39.0,-790.0,46.0,6078.0,1341.0,966.0,835.0,0.8240165631469979,Moderate,0.6416584402764067,Asset Light,62.26696495152871,+,+,-,Liquidating Assets,False,False,False,False,False,75,Healthy
PIDILITIND,Pidilite Industries Ltd,Mar 2019,2019,845.0,-513.0,-361.0,-29.0,7078.0,1371.0,928.0,332.0,0.9105603448275862,Moderate,7.2478101158519355,Moderate,24.215900802334062,+,-,-,Reinvestor,False,False,False,False,False,85,Strong
PIDILITIND,Pidilite Industries Ltd,Mar 2020,2020,1280.0,103.0,-849.0,533.0,7294.0,1576.0,1122.0,1383.0,1.1408199643493762,High Quality,1.4121195503153277,Asset Light,87.75380710659898,+,+,-,Liquidating Assets,False,False,False,False,False,85,Strong
PIDILITIND,Pidilite Industries Ltd,Mar 2021,2021,1392.0,-1688.0,-76.0,-372.0,7293.0,1686.0,1126.0,-296.0,1.236234458259325,High Quality,23.14548196901138,Capital Intensive,-17.556346381969156,+,-,-,Shareholder Returns,False,False,False,False,False,65,Healthy
PIDILITIND,Pidilite Industries Ltd,Mar 2022,2022,955.0,-558.0,-468.0,-71.0,9921.0,1856.0,1207.0,397.0,0.7912178956089478,Moderate,5.624433020864832,Moderate,21.39008620689655,+,-,-,Reinvestor,False,False,False,False,False,85,Strong
PIDILITIND,Pidilite Industries Ltd,Mar 2023,2023,1558.0,-899.0,-656.0,2.0,11799.0,1986.0,1289.0,659.0,1.208688906128782,High Quality,7.6192897703195195,Moderate,33.18227593152064,+,-,-,Shareholder Returns,False,False,False,False,False,95,Strong
PIDILITIND,Pidilite Industries Ltd,Mar 2024,2024,2724.0,-1769.0,-742.0,212.0,12383.0,2708.0,1747.0,955.0,1.559244419004007,High Quality,14.285714285714285,Capital Intensive,35.2658788774003,+,-,-,Shareholder Returns,False,False,False,False,False,95,Strong
PNB,Punjab National Bank,Mar 2013,2013,-692.0,-600.0,-694.0,-1987.0,43071.0,,5020.0,-1292.0,-0.13784860557768924,Accrual Risk,1.3930486870516126,Asset Light,,-,-,-,Pre-Revenue,False,True,False,True,True,0,Distress
PNB,Punjab National Bank,Mar 2014,2014,16906.0,-302.0,2129.0,18733.0,44958.0,,3674.0,16604.0,4.601524224278715,High Quality,0.671738066639975,Asset Light,,+,-,+,Mixed,False,False,False,False,False,85,Strong
PNB,Punjab National Bank,Mar 2015,2015,4814.0,-872.0,7451.0,11393.0,48710.0,,3525.0,3942.0,1.3656737588652483,High Quality,1.7901868199548348,Asset Light,,+,-,+,Mixed,False,False,False,False,False,85,Strong
PNB,Punjab National Bank,Mar 2016,2016,14167.0,-1352.0,5975.0,18790.0,50804.0,,-3510.0,12815.0,-4.036182336182336,Accrual Risk,2.6612077789150463,Asset Light,,+,-,+,Mixed,False,False,False,False,False,45,Watch
PNB,Punjab National Bank,Mar 2017,2017,21938.0,159.0,-9767.0,12330.0,48058.0,,1239.0,22097.0,17.706214689265536,High Quality,0.33085022264763414,Asset Light,,+,+,-,Liquidating Assets,False,False,False,False,False,85,Strong
PNB,Punjab National Bank,Mar 2018,2018,-1742.0,392.0,7460.0,6109.0,48725.0,,-12111.0,-1350.0,0.14383618198332096,Accrual Risk,0.8045151359671626,Asset Light,,-,+,+,Distress Signal,False,True,True,True,True,0,Distress
PNB,Punjab National Bank,Mar 2019,2019,-33532.0,-629.0,13969.0,-20192.0,52147.0,,-9550.0,-34161.0,3.5112041884816754,High Quality,1.2062055343548046,Asset Light,,-,-,+,Growth Funded by Debt,False,True,True,True,True,30,Distress
PNB,Punjab National Bank,Mar 2020,2020,-12793.0,-338.0,13591.0,460.0,54918.0,,485.0,-13131.0,-26.377319587628865,Accrual Risk,0.6154630540077934,Asset Light,,-,-,+,Growth Funded by Debt,True,True,True,True,True,0,Distress
PNB,Punjab National Bank,Mar 2021,2021,30950.0,-787.0,5415.0,35579.0,81935.0,,2695.0,30163.0,11.484230055658626,High Quality,0.9605174833709648,Asset Light,,+,-,+,Mixed,False,False,False,False,False,85,Strong
PNB,Punjab National Bank,Mar 2022,2022,20032.0,-1204.0,2032.0,20859.0,76242.0,,3908.0,18828.0,5.12589559877175,High Quality,1.5791820781196717,Asset Light,,+,-,+,Mixed,False,False,False,False,False,85,Strong
PNB,Punjab National Bank,Mar 2023,2023,22592.0,-732.0,1275.0,23135.0,86845.0,,3359.0,21860.0,6.725811253349211,High Quality,0.8428809948759284,Asset Light,,+,-,+,Mixed,False,False,False,False,False,85,Strong
PNB,Punjab National Bank,Mar 2024,2024,-27939.0,-1506.0,3518.0,-25928.0,109065.0,,9157.0,-29445.0,-3.0511084416293546,Accrual Risk,1.3808279466373263,Asset Light,,-,-,+,Growth Funded by Debt,False,True,True,True,True,0,Distress
POWERGRID,Power Grid Corporation of India Ltd,Mar 2013,2013,11690.0,-22084.0,9962.0,-432.0,13081.0,10837.0,4313.0,-10394.0,2.7104103872014838,High Quality,168.8250133781821,Capital Intensive,-95.91215280981822,+,-,+,Mixed,False,False,False,False,False,55,Watch
POWERGRID,Power Grid Corporation of India Ltd,Mar 2014,2014,15223.0,-26639.0,13712.0,2295.0,15555.0,12967.0,4548.0,-11416.0,3.3471855760773965,High Quality,171.2568306010929,Capital Intensive,-88.03886789542685,+,-,+,Mixed,False,False,False,False,False,55,Watch
POWERGRID,Power Grid Corporation of India Ltd,Mar 2015,2015,15800.0,-24185.0,6399.0,-1986.0,17540.0,14927.0,5046.0,-8385.0,3.1311930241775663,High Quality,137.884834663626,Capital Intensive,-56.173377101895895,+,-,+,Mixed,True,False,False,False,True,35,Distress
POWERGRID,Power Grid Corporation of India Ltd,Mar 2016,2016,15008.0,-21576.0,5621.0,-948.0,20652.0,18184.0,5959.0,-6568.0,2.518543379761705,High Quality,104.47414294015107,Capital Intensive,-36.11966564012318,+,-,+,Mixed,True,False,False,False,True,35,Distress
POWERGRID,Power Grid Corporation of India Ltd,Mar 2017,2017,21575.0,-23836.0,3959.0,1698.0,25697.0,22450.0,7451.0,-2261.0,2.895584485303986,High Quality,92.75790948359732,Capital Intensive,-10.071269487750557,+,-,+,Mixed,True,False,False,False,True,35,Distress
POWERGRID,Power Grid Corporation of India Ltd,Mar 2018,2018,22710.0,-25701.0,1285.0,-1707.0,29954.0,25961.0,8204.0,-2991.0,2.7681618722574353,High Quality,85.80156239567337,Capital Intensive,-11.521127845614576,+,-,+,Mixed,True,False,False,False,True,35,Distress
POWERGRID,Power Grid Corporation of India Ltd,Mar 2019,2019,23271.0,-18727.0,-2431.0,2113.0,35059.0,26920.0,10034.0,4544.0,2.3192146701215868,High Quality,53.41567072648963,Capital Intensive,16.87964338781575,+,-,-,Shareholder Returns,False,False,False,False,False,95,Strong
POWERGRID,Power Grid Corporation of India Ltd,Mar 2020,2020,30739.0,-10733.0,-18806.0,1199.0,37744.0,32886.0,11059.0,20006.0,2.7795460710733337,High Quality,28.436307757524375,Capital Intensive,60.83439761600681,+,-,-,Shareholder Returns,False,False,False,False,False,95,Strong
POWERGRID,Power Grid Corporation of India Ltd,Mar 2021,2021,29403.0,-9244.0,-20521.0,-362.0,39640.0,34906.0,12036.0,20159.0,2.442921236291127,High Quality,23.319878910191726,Capital Intensive,57.75224889703776,+,-,-,Shareholder Returns,False,False,False,False,False,95,Strong
POWERGRID,Power Grid Corporation of India Ltd,Mar 2022,2022,26124.0,753.0,-28967.0,-2091.0,41622.0,35826.0,16824.0,26877.0,1.5527817403708988,High Quality,1.8091393974340495,Asset Light,75.02093451683135,+,+,-,Liquidating Assets,False,False,False,False,False,85,Strong
POWERGRID,Power Grid Corporation of India Ltd,Mar 2023,2023,40203.0,-7138.0,-30450.0,2615.0,45603.0,39576.0,15420.0,33065.0,2.6071984435797666,High Quality,15.652479003574326,Capital Intensive,83.54810996563575,+,-,-,Shareholder Returns,False,False,False,False,False,95,Strong
POWERGRID,Power Grid Corporation of India Ltd,Mar 2024,2024,37290.0,-13114.0,-25903.0,-1728.0,45843.0,39826.0,15573.0,24176.0,2.394528992486997,High Quality,28.606330301245553,Capital Intensive,60.70406267262592,+,-,-,Shareholder Returns,False,False,False,False,False,95,Strong
RECLTD,REC Ltd,Mar 2013,2013,-20059.0,152.0,16059.0,-3847.0,13634.0,13270.0,3833.0,-19907.0,-5.233237672841117,Accrual Risk,1.1148599090509022,Asset Light,-150.01507159005274,-,+,+,Distress Signal,False,True,True,True,True,0,Distress
RECLTD,REC Ltd,Mar 2014,2014,-17244.0,136.0,16815.0,-293.0,17223.0,16650.0,4741.0,-17108.0,-3.6372073402235814,Accrual Risk,0.7896417581141497,Asset Light,-102.75075075075075,-,+,+,Distress Signal,False,True,True,True,True,0,Distress
RECLTD,REC Ltd,Mar 2015,2015,-23898.0,151.0,23098.0,-649.0,20544.0,19395.0,5344.0,-23747.0,-4.4719311377245505,Accrual Risk,0.7350077881619937,Asset Light,-122.43877287960814,-,+,+,Distress Signal,True,True,True,True,True,0,Distress
RECLTD,REC Ltd,Mar 2016,2016,-13278.0,-756.0,15291.0,1257.0,24125.0,22445.0,5691.0,-14034.0,-2.3331576172904587,Accrual Risk,3.133678756476684,Moderate,-62.52617509467587,-,-,+,Growth Funded by Debt,True,True,True,True,True,0,Distress
RECLTD,REC Ltd,Mar 2017,2017,6805.0,-101.0,-3947.0,2757.0,24338.0,22450.0,6313.0,6704.0,1.0779344210359576,High Quality,0.41498890623715995,Asset Light,29.861915367483295,+,-,-,Shareholder Returns,False,False,False,False,False,95,Strong
RECLTD,REC Ltd,Mar 2018,2018,-32510.0,46.0,28244.0,-4220.0,22658.0,19279.0,4451.0,-32464.0,-7.303976634464165,Accrual Risk,0.20301880130638186,Asset Light,-168.39047668447535,-,+,+,Distress Signal,False,True,True,True,True,0,Distress
RECLTD,REC Ltd,Mar 2019,2019,-35866.0,457.0,35543.0,134.0,25408.0,23705.0,5741.0,-35409.0,-6.247343668350462,Accrual Risk,1.7986460957178843,Asset Light,-149.37354988399073,-,+,+,Distress Signal,False,True,True,True,True,0,Distress
RECLTD,REC Ltd,Mar 2020,2020,-32712.0,121.0,33926.0,1336.0,29942.0,25961.0,4972.0,-32591.0,-6.579243765084473,Accrual Risk,0.4041146216017634,Asset Light,-125.53830746119179,-,+,+,Distress Signal,True,True,True,True,True,0,Distress
RECLTD,REC Ltd,Mar 2021,2021,-43512.0,861.0,42113.0,-538.0,35557.0,32265.0,8378.0,-42651.0,-5.1936022917164,Accrual Risk,2.421464128019799,Asset Light,-132.1896792189679,-,+,+,Distress Signal,True,True,True,True,True,0,Distress
RECLTD,REC Ltd,Mar 2022,2022,-819.0,-287.0,68.0,-1038.0,39276.0,34438.0,10036.0,-1106.0,-0.08160621761658031,Accrual Risk,0.7307261431917711,Asset Light,-3.211568616063651,-,-,+,Growth Funded by Debt,True,True,True,True,True,0,Distress
RECLTD,REC Ltd,Mar 2023,2023,-37360.0,-943.0,38123.0,-180.0,39486.0,37628.0,11167.0,-38303.0,-3.3455717739768964,Accrual Risk,2.3881882186091277,Asset Light,-101.79387690018072,-,-,+,Growth Funded by Debt,True,True,True,True,True,0,Distress
RECLTD,REC Ltd,Mar 2024,2024,-57723.0,-1831.0,59588.0,34.0,47517.0,47883.0,14145.0,-59554.0,-4.0808059384941675,Accrual Risk,3.8533577456489256,Moderate,-124.37399494601425,-,-,+,Growth Funded by Debt,True,True,True,True,True,0,Distress
RELIANCE,Reliance Industries Ltd,Mar 2013,2013,36918.0,-27601.0,408.0,9725.0,395957.0,33155.0,20886.0,9317.0,1.7675955185291583,High Quality,6.970706415090527,Moderate,28.101342180666567,+,-,+,Mixed,False,False,False,False,False,85,Strong
RELIANCE,Reliance Industries Ltd,Mar 2014,2014,43261.0,-73070.0,13713.0,-16096.0,433521.0,34935.0,22548.0,-29809.0,1.9186180592513749,High Quality,16.855008177227862,Capital Intensive,-85.3270359238586,+,-,+,Mixed,False,False,False,False,False,55,Watch
RELIANCE,Reliance Industries Ltd,Mar 2015,2015,34374.0,-64706.0,8444.0,-21888.0,374372.0,37449.0,23640.0,-30332.0,1.4540609137055838,High Quality,17.283878067804213,Capital Intensive,-80.99548719591978,+,-,+,Mixed,False,False,False,False,False,55,Watch
RELIANCE,Reliance Industries Ltd,Mar 2016,2016,38134.0,-36186.0,-3210.0,-1262.0,272583.0,41781.0,29861.0,1948.0,1.2770503332105423,High Quality,13.275222592751565,Capital Intensive,4.662406356956511,+,-,-,Shareholder Returns,False,False,False,False,False,95,Strong
RELIANCE,Reliance Industries Ltd,Mar 2017,2017,49550.0,-66201.0,8617.0,-8034.0,303954.0,46307.0,29833.0,-16651.0,1.6609124124291892,High Quality,21.77994038571626,Capital Intensive,-35.95784654587859,+,-,+,Mixed,False,False,False,False,False,55,Watch
RELIANCE,Reliance Industries Ltd,Mar 2018,2018,71459.0,-68192.0,-2001.0,1266.0,390823.0,64315.0,36080.0,3267.0,1.980570953436807,High Quality,17.448307801741453,Capital Intensive,5.079685920858275,+,-,-,Shareholder Returns,False,False,False,False,False,95,Strong
RELIANCE,Reliance Industries Ltd,Mar 2019,2019,42346.0,-94507.0,55906.0,3745.0,568337.0,84250.0,39837.0,-52161.0,1.0629816502246656,High Quality,16.628690372085575,Capital Intensive,-61.91216617210682,+,-,+,Mixed,False,False,False,False,False,55,Watch
RELIANCE,Reliance Industries Ltd,Mar 2020,2020,94877.0,-72497.0,-2541.0,19839.0,596679.0,89266.0,39880.0,22380.0,2.379062186559679,High Quality,12.150084048542013,Capital Intensive,25.071135706764053,+,-,-,Shareholder Returns,False,False,False,False,False,95,Strong
RELIANCE,Reliance Industries Ltd,Mar 2021,2021,26958.0,-142385.0,101904.0,-13523.0,466307.0,80790.0,53739.0,-115427.0,0.5016468486573996,Moderate,30.53460488476476,Capital Intensive,-142.87288030696868,+,-,+,Mixed,False,False,False,False,False,45,Watch
RELIANCE,Reliance Industries Ltd,Mar 2022,2022,110654.0,-109162.0,17289.0,18781.0,694673.0,108581.0,67845.0,1492.0,1.6309823863217627,High Quality,15.714156156925633,Capital Intensive,1.374089389488032,+,-,+,Mixed,False,False,False,False,False,85,Strong
RELIANCE,Reliance Industries Ltd,Mar 2023,2023,115032.0,-93001.0,10455.0,32486.0,876396.0,142318.0,74088.0,22031.0,1.5526401036605118,High Quality,10.611755416501216,Capital Intensive,15.480121980353855,+,-,+,Mixed,False,False,False,False,False,85,Strong
RELIANCE,Reliance Industries Ltd,Mar 2024,2024,158788.0,-113581.0,-16646.0,28561.0,899041.0,162498.0,79020.0,45207.0,2.00946595798532,High Quality,12.633572884885117,Capital Intensive,27.820034708119483,+,-,-,Shareholder Returns,False,False,False,False,False,95,Strong
SBILIFE,SBI Life Insurance Company Ltd,Mar 2013,2013,1130.0,-227.0,-58.0,845.0,14870.0,427.0,630.0,903.0,1.7936507936507937,High Quality,1.5265635507733692,Asset Light,211.47540983606555,+,-,-,Shareholder Returns,False,False,False,False,False,95,Strong
SBILIFE,SBI Life Insurance Company Ltd,Mar 2014,2014,166.0,-708.0,-58.0,-600.0,17258.0,511.0,728.0,-542.0,0.22802197802197802,Accrual Risk,4.102445242785954,Moderate,-106.0665362035225,+,-,-,Reinvestor,False,False,False,False,False,25,Distress
SBILIFE,SBI Life Insurance Company Ltd,Mar 2015,2015,2711.0,-178.0,-117.0,2416.0,23399.0,794.0,815.0,2533.0,3.3263803680981594,High Quality,0.7607162699260652,Asset Light,319.0176322418136,+,-,-,Shareholder Returns,False,False,False,False,False,95,Strong
SBILIFE,SBI Life Insurance Company Ltd,Mar 2016,2016,5778.0,-7204.0,-144.0,-1570.0,19324.0,920.0,844.0,-1426.0,6.845971563981043,High Quality,37.280066238873935,Capital Intensive,-155.0,+,-,-,Shareholder Returns,False,False,False,False,False,65,Healthy
SBILIFE,SBI Life Insurance Company Ltd,Mar 2017,2017,8525.0,-9032.0,-144.0,-651.0,30548.0,1068.0,955.0,-507.0,8.926701570680628,High Quality,29.56658373706953,Capital Intensive,-47.47191011235955,+,-,-,Shareholder Returns,False,False,False,False,False,65,Healthy
SBILIFE,SBI Life Insurance Company Ltd,Mar 2018,2018,10395.0,-8910.0,-221.0,1264.0,34068.0,1332.0,1150.0,1485.0,9.039130434782608,High Quality,26.153575202536107,Capital Intensive,111.48648648648648,+,-,-,Shareholder Returns,False,False,False,False,False,95,Strong
SBILIFE,SBI Life Insurance Company Ltd,Mar 2019,2019,13473.0,-13552.0,-241.0,-321.0,44604.0,1474.0,1327.0,-79.0,10.152976639035419,High Quality,30.382925298179536,Capital Intensive,-5.359565807327002,+,-,-,Shareholder Returns,False,False,False,False,False,65,Healthy
SBILIFE,SBI Life Insurance Company Ltd,Mar 2020,2020,19299.0,-16986.0,-198.0,2114.0,43798.0,1351.0,1422.0,2313.0,13.571729957805907,High Quality,38.78259281245719,Capital Intensive,171.20651369356034,+,-,-,Shareholder Returns,False,False,False,False,False,95,Strong
SBILIFE,SBI Life Insurance Company Ltd,Mar 2021,2021,23878.0,-19203.0,3.0,4677.0,81913.0,872.0,1456.0,4675.0,16.399725274725274,High Quality,23.443165309535726,Capital Intensive,536.1238532110092,+,-,+,Mixed,False,False,False,False,False,85,Strong
SBILIFE,SBI Life Insurance Company Ltd,Mar 2022,2022,21852.0,-21611.0,-231.0,10.0,82983.0,730.0,1506.0,241.0,14.50996015936255,High Quality,26.04268344118675,Capital Intensive,33.013698630136986,+,-,-,Shareholder Returns,False,False,False,False,False,95,Strong
SBILIFE,SBI Life Insurance Company Ltd,Mar 2023,2023,28656.0,-30203.0,-415.0,-1962.0,80636.0,122.0,1721.0,-1547.0,16.650784427658337,High Quality,37.455974998759864,Capital Intensive,-1268.032786885246,+,-,-,Shareholder Returns,False,False,False,False,False,65,Healthy
SBILIFE,SBI Life Insurance Company Ltd,Mar 2024,2024,29122.0,-31221.0,-227.0,-2327.0,131988.0,246.0,1894.0,-2099.0,15.375923970432947,High Quality,23.6544231293754,Capital Intensive,-853.2520325203253,+,-,-,Shareholder Returns,False,False,False,False,False,65,Healthy
SBIN,State Bank of India,Mar 2013,2013,24332.0,-2271.0,-4424.0,17637.0,167976.0,-5124.0,18555.0,22061.0,1.3113446510374562,High Quality,1.3519788541220175,Asset Light,-430.5425448868072,+,-,-,Shareholder Returns,False,False,False,False,False,95,Strong
SBIN,State Bank of India,Mar 2014,2014,19142.0,-791.0,3583.0,21934.0,189062.0,-14614.0,14807.0,18351.0,1.2927669345579793,High Quality,0.41838127175212364,Asset Light,-125.5713699192555,+,-,+,Mixed,False,False,False,False,False,85,Strong
SBIN,State Bank of India,Mar 2015,2015,26297.0,-3424.0,-1553.0,21320.0,207974.0,-21879.0,17832.0,22873.0,1.4747083894122925,High Quality,1.6463596411089847,Asset Light,-104.5431692490516,+,-,-,Shareholder Returns,False,False,False,False,False,95,Strong
SBIN,State Bank of India,Mar 2016,2016,14477.0,-2747.0,4348.0,16078.0,220633.0,-32399.0,13019.0,11730.0,1.1119901682156847,High Quality,1.2450540037075142,Asset Light,-36.20482113645483,+,-,+,Mixed,False,False,False,False,False,85,Strong
SBIN,State Bank of India,Mar 2017,2017,77406.0,-4572.0,-4196.0,68638.0,230447.0,-64334.0,-97.0,72834.0,-798.0,Accrual Risk,1.9839702838396682,Asset Light,-113.21229831815214,+,-,-,Reinvestor,False,False,False,False,False,55,Watch
SBIN,State Bank of India,Mar 2018,2018,-96508.0,13053.0,5547.0,-77908.0,228970.0,-86697.0,-3749.0,-83455.0,25.742331288343557,High Quality,5.700746822727868,Moderate,96.26053958037764,-,+,+,Distress Signal,False,True,True,True,True,30,Distress
SBIN,State Bank of India,Mar 2019,2019,29556.0,220.0,448.0,30223.0,253322.0,-68649.0,3351.0,29776.0,8.820053715308863,High Quality,0.08684599047852141,Asset Light,-43.37426619470058,+,+,+,Cash Accumulator,False,False,False,False,False,85,Strong
SBIN,State Bank of India,Mar 2020,2020,23929.0,-555.0,5430.0,28803.0,269852.0,-64181.0,21140.0,23374.0,1.1319299905392621,High Quality,0.2056682922490847,Asset Light,-36.41887786104922,+,-,+,Mixed,False,False,False,False,False,85,Strong
SBIN,State Bank of India,Mar 2021,2021,89919.0,-3670.0,7143.0,93392.0,278115.0,-70715.0,23888.0,86249.0,3.764191225720027,High Quality,1.3195980080182659,Asset Light,-121.96705083787032,+,-,+,Mixed,False,False,False,False,False,85,Strong
SBIN,State Bank of India,Mar 2022,2022,57695.0,-2652.0,-3845.0,51198.0,289973.0,-63570.0,37183.0,55043.0,1.5516499475566792,High Quality,0.9145679080466111,Asset Light,-86.58644014472236,+,-,-,Shareholder Returns,False,False,False,False,False,95,Strong
SBIN,State Bank of India,Mar 2023,2023,-86014.0,-966.0,6386.0,-80593.0,350845.0,-43439.0,57750.0,-86980.0,-1.4894199134199133,Accrual Risk,0.27533526201028946,Asset Light,200.23481203526785,-,-,+,Growth Funded by Debt,False,True,True,True,True,0,Distress
SBIN,State Bank of India,Mar 2024,2024,21632.0,-3476.0,-9896.0,8260.0,439189.0,-60297.0,69543.0,18156.0,0.31105934457817463,Accrual Risk,0.791458802474561,Asset Light,-30.110950793571817,+,-,-,Reinvestor,False,False,False,False,False,55,Watch
SHREECEM,Shree Cement Ltd,Jun 2013,2013,1260.0,-270.0,-982.0,8.0,5418.0,1561.0,1004.0,990.0,1.254980079681275,High Quality,4.983388704318937,Moderate,63.420884048686744,+,-,-,Shareholder Returns,False,False,False,False,False,95,Strong
SHREECEM,Shree Cement Ltd,Jun 2014,2014,1401.0,-1234.0,-156.0,11.0,5715.0,1390.0,787.0,167.0,1.7801778907242694,High Quality,21.592300962379703,Capital Intensive,12.014388489208633,+,-,-,Shareholder Returns,False,False,False,False,False,95,Strong
SHREECEM,Shree Cement Ltd,Jun 2015,2015,1239.0,-990.0,-259.0,-10.0,6259.0,1344.0,426.0,249.0,2.908450704225352,High Quality,15.817223198594025,Capital Intensive,18.526785714285715,+,-,-,Shareholder Returns,False,False,False,False,False,95,Strong
SHREECEM,Shree Cement Ltd,Mar 2016,2016,1566.0,-1265.0,-271.0,31.0,5514.0,1407.0,1143.0,301.0,1.3700787401574803,High Quality,22.941603191875227,Capital Intensive,21.393034825870647,+,-,-,Shareholder Returns,False,False,False,False,False,95,Strong
SHREECEM,Shree Cement Ltd,Mar 2017,2017,2202.0,-2048.0,-167.0,-13.0,8594.0,2513.0,1339.0,154.0,1.6445108289768484,High Quality,23.830579474051664,Capital Intensive,6.128133704735376,+,-,-,Shareholder Returns,False,False,False,False,False,95,Strong
SHREECEM,Shree Cement Ltd,Mar 2018,2018,1879.0,-3595.0,1726.0,10.0,9833.0,2473.0,1384.0,-1716.0,1.3576589595375723,High Quality,36.560561374961864,Capital Intensive,-69.38940558026688,+,-,+,Mixed,False,False,False,False,False,55,Watch
SHREECEM,Shree Cement Ltd,Mar 2019,2019,2080.0,-720.0,-1276.0,84.0,12555.0,2797.0,1015.0,1360.0,2.0492610837438425,High Quality,5.734767025089606,Moderate,48.62352520557741,+,-,-,Shareholder Returns,False,False,False,False,False,95,Strong
SHREECEM,Shree Cement Ltd,Mar 2020,2020,3973.0,-5590.0,1581.0,-36.0,12868.0,3771.0,1544.0,-1617.0,2.573186528497409,High Quality,43.44109418713087,Capital Intensive,-42.87987271280828,+,-,+,Mixed,False,False,False,False,False,55,Watch
SHREECEM,Shree Cement Ltd,Mar 2021,2021,4254.0,-2651.0,-1233.0,370.0,13560.0,4091.0,2337.0,1603.0,1.8202824133504494,High Quality,19.55014749262537,Capital Intensive,39.18357369836226,+,-,-,Shareholder Returns,False,False,False,False,False,95,Strong
SHREECEM,Shree Cement Ltd,Mar 2022,2022,2668.0,-2143.0,-849.0,-324.0,15010.0,3710.0,1269.0,525.0,2.102442868400315,High Quality,14.277148567621586,Capital Intensive,14.150943396226415,+,-,-,Shareholder Returns,False,False,False,False,False,95,Strong
SHREECEM,Shree Cement Ltd,Mar 2023,2023,2569.0,-2405.0,-277.0,-113.0,17852.0,2960.0,2369.0,164.0,1.084423807513719,High Quality,13.471879901411606,Capital Intensive,5.540540540540541,+,-,-,Shareholder Returns,False,False,False,False,False,95,Strong
SHREECEM,Shree Cement Ltd,Mar 2024,2024,3347.0,-1418.0,-1710.0,220.0,20521.0,4518.0,1733.0,1929.0,1.93133294864397,High Quality,6.9099946396374445,Moderate,42.69588313413015,+,-,-,Shareholder Returns,False,False,False,False,False,95,Strong
SHRIRAMFIN,Shriram Finance Ltd,Mar 2013,2013,-8359.0,-41.0,9060.0,661.0,7009.0,2179.0,1463.0,-8400.0,-5.713602187286398,Accrual Risk,0.5849621914681125,Asset Light,-385.497934832492,-,-,+,Growth Funded by Debt,False,True,True,True,True,0,Distress
SHRIRAMFIN,Shriram Finance Ltd,Mar 2014,2014,-4055.0,-112.0,5010.0,843.0,8476.0,1999.0,1358.0,-4167.0,-2.9860088365243005,Accrual Risk,1.321378008494573,Asset Light,-208.45422711355675,-,-,+,Growth Funded by Debt,False,True,True,True,True,0,Distress
SHRIRAMFIN,Shriram Finance Ltd,Mar 2015,2015,-9611.0,-45.0,7836.0,-1819.0,9177.0,1691.0,1028.0,-9656.0,-9.349221789883268,Accrual Risk,0.49035632559660014,Asset Light,-571.0230632761679,-,-,+,Growth Funded by Debt,True,True,True,True,True,0,Distress
SHRIRAMFIN,Shriram Finance Ltd,Mar 2016,2016,-5507.0,-36.0,2822.0,-2721.0,10359.0,1824.0,1184.0,-5543.0,-4.6511824324324325,Accrual Risk,0.3475238922675934,Asset Light,-303.89254385964915,-,-,+,Growth Funded by Debt,True,True,True,True,True,0,Distress
SHRIRAMFIN,Shriram Finance Ltd,Mar 2017,2017,-2677.0,-2.0,3017.0,338.0,10903.0,1972.0,1266.0,-2679.0,-2.1145339652448656,Accrual Risk,0.01834357516279923,Asset Light,-135.8519269776876,-,-,+,Growth Funded by Debt,True,True,True,True,True,0,Distress
SHRIRAMFIN,Shriram Finance Ltd,Mar 2018,2018,-13142.0,86.0,13014.0,-42.0,13502.0,3805.0,2549.0,-13056.0,-5.155747351902707,Accrual Risk,0.6369426751592357,Asset Light,-343.1274638633377,-,+,+,Distress Signal,True,True,True,True,True,0,Distress
SHRIRAMFIN,Shriram Finance Ltd,Mar 2019,2019,-5535.0,-76.0,5550.0,-62.0,15536.0,3801.0,2576.0,-5611.0,-2.1486801242236027,Accrual Risk,0.48918640576725025,Asset Light,-147.61904761904762,-,-,+,Growth Funded by Debt,True,True,True,True,True,0,Distress
SHRIRAMFIN,Shriram Finance Ltd,Mar 2020,2020,-2464.0,-55.0,4579.0,2060.0,16561.0,3565.0,2512.0,-2519.0,-0.9808917197452229,Accrual Risk,0.3321055491818127,Asset Light,-70.65918653576438,-,-,+,Growth Funded by Debt,True,True,True,True,True,0,Distress
SHRIRAMFIN,Shriram Finance Ltd,Mar 2021,2021,-4239.0,-25.0,12226.0,7962.0,17422.0,3402.0,2499.0,-4264.0,-1.6962785114045618,Accrual Risk,0.14349672827459534,Asset Light,-125.33803644914757,-,-,+,Growth Funded by Debt,True,True,True,True,True,0,Distress
SHRIRAMFIN,Shriram Finance Ltd,Mar 2022,2022,-8859.0,-34.0,8505.0,-388.0,19255.0,3666.0,2721.0,-8893.0,-3.2557883131201764,Accrual Risk,0.1765775123344586,Asset Light,-242.58046917621385,-,-,+,Growth Funded by Debt,True,True,True,True,True,0,Distress
SHRIRAMFIN,Shriram Finance Ltd,Mar 2023,2023,-17625.0,5076.0,11820.0,-730.0,30492.0,8799.0,6020.0,-12549.0,-2.9277408637873754,Accrual Risk,16.646989374262102,Capital Intensive,-142.618479372656,-,+,+,Distress Signal,True,True,True,True,True,0,Distress
SHRIRAMFIN,Shriram Finance Ltd,Mar 2024,2024,-31101.0,-258.0,27609.0,-3750.0,36388.0,10523.0,7399.0,-31359.0,-4.203405865657522,Accrual Risk,0.7090249532813014,Asset Light,-298.0043713769838,-,-,+,Growth Funded by Debt,True,True,True,True,True,0,Distress
SIEMENS,Siemens Ltd,Sep 2011,2011,3.0,264.0,-196.0,70.0,11955.0,1171.0,868.0,267.0,0.0034562211981566822,Accrual Risk,2.208281053952321,Asset Light,22.801024765157983,+,+,-,Liquidating Assets,False,False,False,False,False,45,Watch
SIEMENS,Siemens Ltd,Sep 2014,2014,608.0,130.0,-220.0,517.0,10678.0,119.0,603.0,738.0,1.0082918739635158,High Quality,1.2174564525191984,Asset Light,620.1680672268908,+,+,-,Liquidating Assets,False,False,False,False,False,85,Strong
SIEMENS,Siemens Ltd,Sep 2015,2015,574.0,646.0,-245.0,975.0,10563.0,998.0,1174.0,1220.0,0.4889267461669506,Accrual Risk,6.115686831392597,Moderate,122.2444889779559,+,+,-,Liquidating Assets,False,False,False,False,False,45,Watch
SIEMENS,Siemens Ltd,Sep 2016,2016,513.0,237.0,-1614.0,-864.0,10837.0,1021.0,2914.0,750.0,0.17604667124227866,Accrual Risk,2.1869521085171173,Asset Light,73.45739471106758,+,+,-,Liquidating Assets,False,False,False,False,False,45,Watch
SIEMENS,Siemens Ltd,Sep 2017,2017,573.0,1321.0,-285.0,1610.0,11065.0,1056.0,1137.0,1894.0,0.503957783641161,Moderate,11.938544961590601,Capital Intensive,179.3560606060606,+,+,-,Liquidating Assets,False,False,False,False,False,75,Healthy
SIEMENS,Siemens Ltd,Sep 2018,2018,100.0,-174.0,-305.0,-379.0,12795.0,1327.0,901.0,-74.0,0.11098779134295228,Accrual Risk,1.3599062133645956,Asset Light,-5.5764883195177095,+,-,-,Reinvestor,False,False,False,False,False,25,Distress
SIEMENS,Siemens Ltd,Sep 2019,2019,1273.0,-1135.0,-312.0,-174.0,13084.0,1490.0,1099.0,138.0,1.1583257506824385,High Quality,8.674717211861815,Capital Intensive,9.261744966442953,+,-,-,Shareholder Returns,False,False,False,False,False,95,Strong
SIEMENS,Siemens Ltd,Sep 2020,2020,720.0,871.0,-386.0,1205.0,9946.0,1003.0,769.0,1591.0,0.9362808842652796,Moderate,8.757289362557811,Capital Intensive,158.62412761714856,+,+,-,Liquidating Assets,False,False,False,False,False,75,Healthy
SIEMENS,Siemens Ltd,Sep 2021,2021,1422.0,-2389.0,-502.0,-1469.0,13198.0,1452.0,1089.0,-967.0,1.3057851239669422,High Quality,18.101227458705864,Capital Intensive,-66.59779614325069,+,-,-,Shareholder Returns,False,False,False,False,False,65,Healthy
SIEMENS,Siemens Ltd,Sep 2022,2022,978.0,-34.0,-392.0,552.0,16138.0,1860.0,1543.0,944.0,0.6338302009073234,Moderate,0.21068286032965672,Asset Light,50.752688172043015,+,-,-,Reinvestor,False,False,False,False,False,85,Strong
SIEMENS,Siemens Ltd,Sep 2023,2023,1400.0,-759.0,-450.0,191.0,19554.0,2487.0,1962.0,641.0,0.7135575942915392,Moderate,3.8815587603559374,Moderate,25.7740249296341,+,-,-,Reinvestor,False,False,False,False,False,85,Strong
SIEMENS,Siemens Ltd,Sep 2024,2024,1670.0,-502.0,-523.0,644.0,22240.0,3104.0,2718.0,1168.0,0.6144223693892568,Moderate,2.2571942446043165,Asset Light,37.628865979381445,+,-,-,Reinvestor,False,False,False,False,False,85,Strong
SUNPHARMA,Sun Pharmaceuticals Industries Ltd,Mar 2013,2013,3357.0,-2375.0,-665.0,316.0,11131.0,4784.0,3469.0,982.0,0.9677140386278467,Moderate,21.336807115263678,Capital Intensive,20.52675585284281,+,-,-,Reinvestor,False,False,False,False,False,85,Strong
SUNPHARMA,Sun Pharmaceuticals Industries Ltd,Mar 2014,2014,3959.0,-2176.0,507.0,2290.0,16080.0,7003.0,3879.0,1783.0,1.0206238721319927,High Quality,13.532338308457712,Capital Intensive,25.46051692131944,+,-,+,Mixed,False,False,False,False,False,85,Strong
SUNPHARMA,Sun Pharmaceuticals Industries Ltd,Mar 2015,2015,5616.0,-1502.0,-1187.0,2927.0,27392.0,7894.0,5476.0,4114.0,1.0255661066471877,High Quality,5.483352803738318,Moderate,52.115530782873066,+,-,-,Shareholder Returns,False,False,False,False,False,95,Strong
SUNPHARMA,Sun Pharmaceuticals Industries Ltd,Mar 2016,2016,6686.0,-3949.0,-1889.0,848.0,28487.0,8174.0,5658.0,2737.0,1.1816896429833863,High Quality,13.862463579878542,Capital Intensive,33.48421825299731,+,-,-,Shareholder Returns,False,False,False,False,False,95,Strong
SUNPHARMA,Sun Pharmaceuticals Industries Ltd,Mar 2017,2017,7082.0,-4186.0,-2285.0,611.0,31578.0,10102.0,7846.0,2896.0,0.9026255416772878,Moderate,13.256064348597125,Capital Intensive,28.66759057612354,+,-,-,Reinvestor,False,False,False,False,False,85,Strong
SUNPHARMA,Sun Pharmaceuticals Industries Ltd,Mar 2018,2018,3907.0,-3104.0,-1539.0,-736.0,26489.0,5631.0,2542.0,803.0,1.536978756884343,High Quality,11.718071652384008,Capital Intensive,14.260344521399396,+,-,-,Shareholder Returns,False,False,False,False,False,95,Strong
SUNPHARMA,Sun Pharmaceuticals Industries Ltd,Mar 2019,2019,2196.0,-310.0,-2731.0,-844.0,29066.0,6377.0,3208.0,1886.0,0.6845386533665836,Moderate,1.0665382233537466,Asset Light,29.575035283048457,+,-,-,Reinvestor,False,False,False,False,False,85,Strong
SUNPHARMA,Sun Pharmaceuticals Industries Ltd,Mar 2020,2020,6555.0,-2225.0,-5715.0,-1386.0,32838.0,6983.0,4172.0,4330.0,1.571188878235858,High Quality,6.775686704427796,Moderate,62.007733066017465,+,-,-,Shareholder Returns,False,False,False,False,False,95,Strong
SUNPHARMA,Sun Pharmaceuticals Industries Ltd,Mar 2021,2021,6170.0,407.0,-5980.0,596.0,33498.0,8470.0,2272.0,6577.0,2.715669014084507,High Quality,1.2149979103230044,Asset Light,77.65053128689492,+,+,-,Liquidating Assets,False,False,False,False,False,85,Strong
SUNPHARMA,Sun Pharmaceuticals Industries Ltd,Mar 2022,2022,8985.0,-5556.0,-5193.0,-1765.0,38654.0,10258.0,3389.0,3429.0,2.6512245500147538,High Quality,14.37367413463031,Capital Intensive,33.42756872684734,+,-,-,Shareholder Returns,False,False,False,False,False,95,Strong
SUNPHARMA,Sun Pharmaceuticals Industries Ltd,Mar 2023,2023,4959.0,-7220.0,2376.0,115.0,43886.0,11650.0,8513.0,-2261.0,0.5825208504639963,Moderate,16.451715809141866,Capital Intensive,-19.40772532188841,+,-,+,Mixed,False,False,False,False,False,45,Watch
SUNPHARMA,Sun Pharmaceuticals Industries Ltd,Mar 2024,2024,12135.0,-763.0,-6710.0,4662.0,48497.0,13018.0,9610.0,11372.0,1.2627471383975026,High Quality,1.5732931933934058,Asset Light,87.35596865878014,+,-,-,Shareholder Returns,False,False,False,False,False,95,Strong
TATACONSUM,Tata Consumer Products Ltd,Mar 2013,2013,173.0,24.0,186.0,383.0,7351.0,770.0,445.0,197.0,0.3887640449438202,Accrual Risk,0.32648619235478166,Asset Light,25.58441558441558,+,+,+,Cash Accumulator,False,False,False,False,False,45,Watch
TATACONSUM,Tata Consumer Products Ltd,Mar 2014,2014,422.0,-1.0,-363.0,57.0,7738.0,752.0,510.0,421.0,0.8274509803921568,Moderate,0.012923235978288964,Asset Light,55.98404255319149,+,-,-,Reinvestor,False,False,False,False,False,85,Strong
TATACONSUM,Tata Consumer Products Ltd,Mar 2015,2015,418.0,-207.0,-392.0,-182.0,7993.0,792.0,273.0,211.0,1.531135531135531,High Quality,2.5897660452896285,Asset Light,26.641414141414145,+,-,-,Shareholder Returns,False,False,False,False,False,95,Strong
TATACONSUM,Tata Consumer Products Ltd,Mar 2016,2016,116.0,145.0,-282.0,-21.0,6637.0,366.0,-37.0,261.0,-3.135135135135135,Accrual Risk,2.184722012957662,Asset Light,71.31147540983606,+,+,-,Liquidating Assets,False,False,False,False,False,45,Watch
TATACONSUM,Tata Consumer Products Ltd,Mar 2017,2017,741.0,145.0,-816.0,70.0,6780.0,791.0,455.0,886.0,1.6285714285714286,High Quality,2.1386430678466075,Asset Light,112.01011378002528,+,+,-,Liquidating Assets,False,False,False,False,False,85,Strong
TATACONSUM,Tata Consumer Products Ltd,Mar 2018,2018,356.0,-31.0,-30.0,294.0,6815.0,839.0,556.0,325.0,0.6402877697841727,Moderate,0.4548789435069699,Asset Light,38.73659117997616,+,-,-,Reinvestor,False,False,False,False,False,85,Strong
TATACONSUM,Tata Consumer Products Ltd,Mar 2019,2019,210.0,53.0,-224.0,39.0,7252.0,786.0,457.0,263.0,0.45951859956236324,Accrual Risk,0.7308328736900165,Asset Light,33.460559796437664,+,+,-,Liquidating Assets,False,False,False,False,False,45,Watch
TATACONSUM,Tata Consumer Products Ltd,Mar 2020,2020,1082.0,-622.0,-308.0,152.0,9637.0,1292.0,460.0,460.0,2.3521739130434782,High Quality,6.454290754384144,Moderate,35.60371517027864,+,-,-,Shareholder Returns,False,False,False,False,False,95,Strong
TATACONSUM,Tata Consumer Products Ltd,Mar 2021,2021,1656.0,-346.0,-426.0,884.0,11602.0,1544.0,930.0,1310.0,1.7806451612903227,High Quality,2.9822444406136874,Asset Light,84.84455958549223,+,-,-,Shareholder Returns,False,False,False,False,False,95,Strong
TATACONSUM,Tata Consumer Products Ltd,Mar 2022,2022,1516.0,-1317.0,-995.0,-796.0,12425.0,1719.0,1015.0,199.0,1.4935960591133004,High Quality,10.599597585513077,Capital Intensive,11.57649796393252,+,-,-,Shareholder Returns,False,False,False,False,False,95,Strong
TATACONSUM,Tata Consumer Products Ltd,Mar 2023,2023,1461.0,-834.0,-714.0,-87.0,13783.0,1856.0,1320.0,627.0,1.106818181818182,High Quality,6.050932307915549,Moderate,33.7823275862069,+,-,-,Shareholder Returns,False,False,False,False,False,95,Strong
TATACONSUM,Tata Consumer Products Ltd,Mar 2024,2024,1937.0,-1911.0,256.0,281.0,15206.0,2284.0,1215.0,26.0,1.594238683127572,High Quality,12.567407602262264,Capital Intensive,1.138353765323993,+,-,+,Mixed,False,False,False,False,False,85,Strong
TATAMOTORS,Tata Motors Ltd,Mar 2013,2013,22163.0,-22969.0,-1692.0,-2499.0,188793.0,24596.0,9976.0,-806.0,2.2216319165998395,High Quality,12.166234976932408,Capital Intensive,-3.276955602536998,+,-,-,Shareholder Returns,False,False,False,False,False,65,Healthy
TATAMOTORS,Tata Motors Ltd,Mar 2014,2014,36151.0,-27991.0,-3883.0,4277.0,232834.0,34853.0,14050.0,8160.0,2.5730249110320287,High Quality,12.02186965821143,Capital Intensive,23.41261871287981,+,-,-,Shareholder Returns,False,False,False,False,False,95,Strong
TATAMOTORS,Tata Motors Ltd,Mar 2015,2015,35531.0,-36232.0,5201.0,4500.0,263159.0,39239.0,14073.0,-701.0,2.524763731969019,High Quality,13.76810217397087,Capital Intensive,-1.7864879329238768,+,-,+,Mixed,False,False,False,False,False,55,Watch
TATAMOTORS,Tata Motors Ltd,Mar 2016,2016,37900.0,-36694.0,-3795.0,-2589.0,273046.0,38395.0,11678.0,1206.0,3.2454187360849462,High Quality,13.438761234370766,Capital Intensive,3.1410339888006256,+,-,-,Shareholder Returns,False,False,False,False,False,95,Strong
TATAMOTORS,Tata Motors Ltd,Mar 2017,2017,30199.0,-39571.0,6205.0,-3167.0,269693.0,29589.0,7557.0,-9372.0,3.9961624983459045,High Quality,14.67260922604591,Capital Intensive,-31.673932880462335,+,-,+,Mixed,False,False,False,False,False,55,Watch
TATAMOTORS,Tata Motors Ltd,Mar 2018,2018,23857.0,-25139.0,2012.0,730.0,291550.0,31458.0,9091.0,-1282.0,2.6242437575624242,High Quality,8.622534728176985,Capital Intensive,-4.075274969801004,+,-,+,Mixed,False,False,False,False,False,55,Watch
TATAMOTORS,Tata Motors Ltd,Mar 2019,2019,18891.0,-20878.0,8830.0,6843.0,301938.0,24664.0,-28724.0,-1987.0,-0.6576730260409414,Accrual Risk,6.914664600017222,Moderate,-8.056276354200454,+,-,+,Mixed,True,False,False,False,True,0,Distress
TATAMOTORS,Tata Motors Ltd,Mar 2020,2020,26633.0,-33115.0,3390.0,-3092.0,261068.0,17987.0,-11975.0,-6482.0,-2.2240501043841334,Accrual Risk,12.684434706666462,Capital Intensive,-36.03713793295157,+,-,+,Mixed,True,False,False,False,True,0,Distress
TATAMOTORS,Tata Motors Ltd,Mar 2021,2021,29001.0,-25672.0,9904.0,13232.0,249795.0,32287.0,-13395.0,3329.0,-2.1650615901455765,Accrual Risk,10.277227326407655,Capital Intensive,10.310651345742869,+,-,+,Mixed,False,False,False,False,False,45,Watch
TATAMOTORS,Tata Motors Ltd,Mar 2022,2022,14283.0,-4444.0,-3380.0,6459.0,278454.0,24720.0,-11309.0,9839.0,-1.262976390485454,Accrual Risk,1.5959548076163388,Asset Light,39.801779935275086,+,-,-,Reinvestor,False,False,False,False,False,55,Watch
TATAMOTORS,Tata Motors Ltd,Mar 2023,2023,35388.0,-15417.0,-26243.0,-6272.0,345967.0,31816.0,2690.0,19971.0,13.155390334572491,High Quality,4.45620536062688,Moderate,62.77030424943425,+,-,-,Shareholder Returns,False,False,False,False,False,95,Strong
TATAMOTORS,Tata Motors Ltd,Mar 2024,2024,67915.0,-22782.0,-37006.0,8128.0,437928.0,59538.0,31807.0,45133.0,2.135221806520577,High Quality,5.2022250232915,Moderate,75.80536800026874,+,-,-,Shareholder Returns,False,False,False,False,False,95,Strong
TATAPOWER,Tata Power Company Ltd,Mar 2013,2013,3286.0,-4026.0,-593.0,-1333.0,33177.0,5595.0,123.0,-740.0,26.715447154471544,High Quality,12.134912740754137,Capital Intensive,-13.226094727435209,+,-,-,Shareholder Returns,False,False,False,False,False,65,Healthy
TATAPOWER,Tata Power Company Ltd,Mar 2014,2014,6483.0,-3609.0,-3265.0,-392.0,35726.0,6916.0,12.0,2874.0,540.25,High Quality,10.101886581201367,Capital Intensive,41.555812608444185,+,-,-,Shareholder Returns,False,False,False,False,False,95,Strong
TATAPOWER,Tata Power Company Ltd,Mar 2015,2015,5981.0,-3865.0,-2239.0,-123.0,33593.0,6301.0,457.0,2116.0,13.087527352297593,High Quality,11.50537314321436,Capital Intensive,33.58197111569592,+,-,-,Shareholder Returns,False,False,False,False,False,95,Strong
TATAPOWER,Tata Power Company Ltd,Mar 2016,2016,7415.0,-1805.0,-6183.0,-574.0,29494.0,2105.0,786.0,5610.0,9.43384223918575,High Quality,6.11988879094053,Moderate,266.5083135391924,+,-,-,Shareholder Returns,False,False,False,False,False,95,Strong
TATAPOWER,Tata Power Company Ltd,Mar 2017,2017,7014.0,-7373.0,937.0,579.0,27588.0,5473.0,1100.0,-359.0,6.376363636363636,High Quality,26.72538784978976,Capital Intensive,-6.559473780376393,+,-,+,Mixed,False,False,False,False,False,55,Watch
TATAPOWER,Tata Power Company Ltd,Mar 2018,2018,6364.0,-1512.0,-4726.0,126.0,26840.0,2295.0,2611.0,4852.0,2.4373803140559174,High Quality,5.6333830104321905,Moderate,211.41612200435728,+,-,-,Shareholder Returns,False,False,False,False,False,95,Strong
TATAPOWER,Tata Power Company Ltd,Mar 2019,2019,4574.0,-272.0,-5184.0,-883.0,29881.0,3070.0,2606.0,4302.0,1.7551803530314658,High Quality,0.9102774338208226,Asset Light,140.13029315960912,+,-,-,Shareholder Returns,False,False,False,False,False,95,Strong
TATAPOWER,Tata Power Company Ltd,Mar 2020,2020,7375.0,-493.0,-5110.0,1773.0,29136.0,6805.0,1316.0,6882.0,5.604103343465046,High Quality,1.692064799560681,Asset Light,101.13152094048495,+,-,-,Shareholder Returns,False,False,False,False,False,95,Strong
TATAPOWER,Tata Power Company Ltd,Mar 2021,2021,8345.0,993.0,-7603.0,1736.0,32703.0,6921.0,1439.0,9338.0,5.799166087560806,High Quality,3.0364186771855795,Moderate,134.92269903193178,+,+,-,Liquidating Assets,False,False,False,False,False,85,Strong
TATAPOWER,Tata Power Company Ltd,Mar 2022,2022,6693.0,-6250.0,-1183.0,-741.0,42816.0,7031.0,2156.0,443.0,3.104359925788497,High Quality,14.59734678624813,Capital Intensive,6.300668468212203,+,-,-,Shareholder Returns,False,False,False,False,False,95,Strong
TATAPOWER,Tata Power Company Ltd,Mar 2023,2023,7166.0,-7263.0,1341.0,1243.0,55109.0,7728.0,3810.0,-97.0,1.8808398950131233,High Quality,13.179335498738862,Capital Intensive,-1.255175983436853,+,-,+,Mixed,False,False,False,False,False,55,Watch
TATAPOWER,Tata Power Company Ltd,Mar 2024,2024,12596.0,-9027.0,-4497.0,-928.0,61449.0,10735.0,4280.0,3569.0,2.9429906542056075,High Quality,14.69023092320461,Capital Intensive,33.24639031206335,+,-,-,Shareholder Returns,False,False,False,False,False,95,Strong
TATASTEEL,Tata Steel Ltd,Mar 2013,2013,14035.0,-13099.0,-1780.0,-844.0,134712.0,3965.0,-7272.0,936.0,-1.930005500550055,Accrual Risk,9.723706870954333,Capital Intensive,23.60655737704918,+,-,-,Reinvestor,False,False,False,False,False,55,Watch
TATASTEEL,Tata Steel Ltd,Mar 2014,2014,13146.0,-15378.0,1015.0,-1218.0,148614.0,16184.0,3665.0,-2232.0,3.5869031377899043,High Quality,10.34761193427268,Capital Intensive,-13.791398912506178,+,-,+,Mixed,False,False,False,False,False,55,Watch
TATASTEEL,Tata Steel Ltd,Mar 2015,2015,11880.0,-9021.0,-2617.0,241.0,139504.0,3409.0,-3939.0,2859.0,-3.015993907083016,Accrual Risk,6.466481247849525,Moderate,83.86623643297155,+,-,-,Reinvestor,False,False,False,False,False,55,Watch
TATASTEEL,Tata Steel Ltd,Mar 2016,2016,11455.0,-8794.0,-4729.0,-2068.0,101965.0,-625.0,-497.0,2661.0,-23.048289738430583,Accrual Risk,8.624528024322071,Capital Intensive,-425.76,+,-,-,Reinvestor,False,False,False,False,False,55,Watch
TATASTEEL,Tata Steel Ltd,Mar 2017,2017,10824.0,-9490.0,-2579.0,-1245.0,112299.0,13144.0,-4169.0,1334.0,-2.5963060686015833,Accrual Risk,8.45065405747157,Capital Intensive,10.149117468046256,+,-,-,Reinvestor,False,False,False,False,False,55,Watch
TATASTEEL,Tata Steel Ltd,Mar 2018,2018,8023.0,-11730.0,6640.0,2933.0,123249.0,21433.0,17743.0,-3707.0,0.4521783238460238,Accrual Risk,9.517318598933866,Capital Intensive,-17.29575887649886,+,-,+,Mixed,False,False,False,False,False,15,Distress
TATASTEEL,Tata Steel Ltd,Mar 2019,2019,25336.0,-29176.0,-673.0,-4513.0,157669.0,29318.0,9122.0,-3840.0,2.777461083095812,High Quality,18.504588727016724,Capital Intensive,-13.097755644996248,+,-,-,Shareholder Returns,False,False,False,False,False,65,Healthy
TATASTEEL,Tata Steel Ltd,Mar 2020,2020,20169.0,-14012.0,-1695.0,4462.0,139817.0,17463.0,1174.0,6157.0,17.179727427597957,High Quality,10.021671184476851,Capital Intensive,35.25740136288152,+,-,-,Shareholder Returns,False,False,False,False,False,95,Strong
TATASTEEL,Tata Steel Ltd,Mar 2021,2021,44327.0,-9437.0,-37090.0,-2200.0,156294.0,30504.0,8190.0,34890.0,5.412332112332113,High Quality,6.037979704915096,Moderate,114.37844217151849,+,-,-,Shareholder Returns,False,False,False,False,False,95,Strong
TATASTEEL,Tata Steel Ltd,Mar 2022,2022,44381.0,-10905.0,-23401.0,10075.0,243959.0,63490.0,41749.0,33476.0,1.063043426189849,High Quality,4.470013403891637,Moderate,52.72641360844228,+,-,-,Shareholder Returns,False,False,False,False,False,95,Strong
TATASTEEL,Tata Steel Ltd,Mar 2023,2023,21683.0,-18179.0,-6981.0,-3477.0,243353.0,32300.0,8075.0,3504.0,2.6852012383900927,High Quality,7.470218160450045,Moderate,10.84829721362229,+,-,-,Shareholder Returns,False,False,False,False,False,95,Strong
TATASTEEL,Tata Steel Ltd,Mar 2024,2024,20301.0,-14253.0,-11097.0,-5049.0,229171.0,22248.0,-4910.0,6048.0,-4.134623217922607,Accrual Risk,6.219373306395661,Moderate,27.184466019417474,+,-,-,Reinvestor,False,False,False,False,False,55,Watch
TCS,Tata Consultancy Services Ltd,Mar-13,2013,11615.0,-6038.0,-5729.0,-152.0,62989.0,18040.0,14076.0,5577.0,0.8251633986928104,Moderate,9.585800695359508,Capital Intensive,30.914634146341463,+,-,-,Reinvestor,False,False,False,False,False,85,Strong
TCS,Tata Consultancy Services Ltd,Mar-14,2014,14751.0,-9452.0,-5673.0,-374.0,81809.0,25153.0,19332.0,5299.0,0.7630353817504656,Moderate,11.553741030937918,Capital Intensive,21.06706953444917,+,-,-,Reinvestor,False,False,False,False,False,85,Strong
TCS,Tata Consultancy Services Ltd,Mar-15,2015,19369.0,-1807.0,-17168.0,394.0,94648.0,24482.0,20060.0,17562.0,0.9655533399800598,Moderate,1.9091792747865777,Asset Light,71.73433543011191,+,-,-,Reinvestor,False,False,False,False,False,85,Strong
TCS,Tata Consultancy Services Ltd,Mar-16,2016,19109.0,-5010.0,-9666.0,4433.0,108646.0,30677.0,24338.0,14099.0,0.785150792998603,Moderate,4.6113064447839776,Moderate,45.95951364214232,+,-,-,Reinvestor,False,False,False,False,False,85,Strong
TCS,Tata Consultancy Services Ltd,Mar-17,2017,25223.0,-16895.0,-11026.0,-2698.0,117966.0,32311.0,26357.0,8328.0,0.9569753765603065,Moderate,14.321923266025804,Capital Intensive,25.77450403887221,+,-,-,Reinvestor,False,False,False,False,False,85,Strong
TCS,Tata Consultancy Services Ltd,Mar-18,2018,25067.0,3104.0,-26885.0,1286.0,123104.0,32516.0,25880.0,28171.0,0.9685857805255024,Moderate,2.5214452820379516,Asset Light,86.63734776725305,+,+,-,Liquidating Assets,False,False,False,False,False,75,Healthy
TCS,Tata Consultancy Services Ltd,Mar-19,2019,28593.0,1645.0,-27897.0,2341.0,146463.0,39506.0,31562.0,30238.0,0.9059311830682466,Moderate,1.1231505567959144,Asset Light,76.54027236369159,+,+,-,Liquidating Assets,False,False,False,False,False,75,Healthy
TCS,Tata Consultancy Services Ltd,Mar-20,2020,32369.0,8968.0,-39915.0,1422.0,156949.0,42109.0,32447.0,41337.0,0.9975960797608407,Moderate,5.713958037324226,Moderate,98.1666627086846,+,+,-,Liquidating Assets,False,False,False,False,False,75,Healthy
TCS,Tata Consultancy Services Ltd,Mar-21,2021,38802.0,-7956.0,-32634.0,-1788.0,164177.0,46546.0,32562.0,30846.0,1.191634420490142,High Quality,4.845989389500356,Moderate,66.26992652429854,+,-,-,Shareholder Returns,False,False,False,False,False,95,Strong
TCS,Tata Consultancy Services Ltd,Mar-22,2022,39949.0,-738.0,-33581.0,5630.0,191754.0,53057.0,38449.0,39211.0,1.0390127181461157,High Quality,0.38486811226884443,Asset Light,73.90353770473264,+,-,-,Shareholder Returns,False,False,False,False,False,95,Strong
TCS,Tata Consultancy Services Ltd,Mar-23,2023,41965.0,548.0,-47878.0,-5365.0,225458.0,59259.0,42303.0,42513.0,0.9920100229298159,Moderate,0.24306079181044804,Asset Light,71.74100136688098,+,+,-,Liquidating Assets,False,False,False,False,False,75,Healthy
TCS,Tata Consultancy Services Ltd,Mar-24,2024,44338.0,6091.0,-48536.0,1893.0,240893.0,64296.0,46099.0,50429.0,0.9617996051975097,Moderate,2.528508507926756,Asset Light,78.43256190120692,+,+,-,Liquidating Assets,False,False,False,False,False,75,Healthy
TECHM,Tech Mahindra Ltd,Mar 2013,2013,855.0,-622.0,65.0,298.0,6873.0,1422.0,1307.0,233.0,0.6541698546289212,Moderate,9.049905427033318,Capital Intensive,16.38537271448664,+,-,+,Mixed,False,False,False,False,False,75,Healthy
TECHM,Tech Mahindra Ltd,Mar 2014,2014,1596.0,291.0,-972.0,915.0,18802.0,4172.0,3062.0,1887.0,0.5212279555845852,Moderate,1.5477076906712053,Asset Light,45.2301054650048,+,+,-,Liquidating Assets,False,False,False,False,False,75,Healthy
TECHM,Tech Mahindra Ltd,Mar 2015,2015,2448.0,-1865.0,-829.0,-246.0,22621.0,4193.0,2659.0,583.0,0.9206468597216999,Moderate,8.24455152292118,Capital Intensive,13.904125924159313,+,-,-,Reinvestor,False,False,False,False,False,85,Strong
TECHM,Tech Mahindra Ltd,Mar 2016,2016,3137.0,-1453.0,-496.0,1188.0,26494.0,4260.0,3027.0,1684.0,1.0363396101750908,High Quality,5.484260587302785,Moderate,39.53051643192488,+,-,-,Shareholder Returns,False,False,False,False,False,95,Strong
TECHM,Tech Mahindra Ltd,Mar 2017,2017,4071.0,-2893.0,-1571.0,-392.0,29141.0,4184.0,2851.0,1178.0,1.4279200280603297,High Quality,9.927593425071207,Capital Intensive,28.15487571701721,+,-,-,Shareholder Returns,False,False,False,False,False,95,Strong
TECHM,Tech Mahindra Ltd,Mar 2018,2018,3554.0,-3319.0,-269.0,-35.0,30773.0,4710.0,3786.0,235.0,0.9387216059165346,Moderate,10.785428784973842,Capital Intensive,4.989384288747346,+,-,-,Reinvestor,False,False,False,False,False,85,Strong
TECHM,Tech Mahindra Ltd,Mar 2019,2019,4432.0,-2104.0,-2251.0,77.0,34742.0,6271.0,4289.0,2328.0,1.0333411051527162,High Quality,6.056070462264694,Moderate,37.12326582682188,+,-,-,Shareholder Returns,False,False,False,False,False,95,Strong
TECHM,Tech Mahindra Ltd,Mar 2020,2020,4358.0,1081.0,-4466.0,974.0,36868.0,5503.0,3897.0,5439.0,1.1182961252245316,High Quality,2.9320820223500053,Asset Light,98.83699800109031,+,+,-,Liquidating Assets,False,False,False,False,False,85,Strong
TECHM,Tech Mahindra Ltd,Mar 2021,2021,8094.0,-5433.0,-2987.0,-326.0,37855.0,6796.0,4353.0,2661.0,1.859407305306685,High Quality,14.352133139611675,Capital Intensive,39.15538552089464,+,-,-,Shareholder Returns,False,False,False,False,False,95,Strong
TECHM,Tech Mahindra Ltd,Mar 2022,2022,5285.0,480.0,-4667.0,1098.0,44646.0,8020.0,5630.0,5765.0,0.9387211367673179,Moderate,1.075124311248488,Asset Light,71.88279301745636,+,+,-,Liquidating Assets,False,False,False,False,False,75,Healthy
TECHM,Tech Mahindra Ltd,Mar 2023,2023,5572.0,-226.0,-5078.0,267.0,53290.0,7763.0,4857.0,5346.0,1.1472102120650607,High Quality,0.4240945768436855,Asset Light,68.8651294602602,+,-,-,Shareholder Returns,False,False,False,False,False,95,Strong
TECHM,Tech Mahindra Ltd,Mar 2024,2024,6376.0,-1318.0,-4767.0,291.0,51996.0,4506.0,2397.0,5058.0,2.6599916562369628,High Quality,2.5348103700284637,Asset Light,112.2503328894807,+,-,-,Shareholder Returns,False,False,False,False,False,95,Strong
TITAN,Titan Company Ltd,Mar 2013,2013,553.0,-142.0,-236.0,176.0,10123.0,1014.0,725.0,411.0,0.7627586206896552,Moderate,1.402746221475847,Asset Light,40.532544378698226,+,-,-,Reinvestor,False,False,False,False,False,85,Strong
TITAN,Titan Company Ltd,Mar 2014,2014,-555.0,-271.0,497.0,-329.0,10927.0,1047.0,735.0,-826.0,-0.7551020408163265,Accrual Risk,2.4800951770842867,Asset Light,-78.89207258834766,-,-,+,Growth Funded by Debt,False,True,True,True,True,0,Distress
TITAN,Titan Company Ltd,Mar 2015,2015,503.0,-118.0,-1005.0,-620.0,11913.0,1153.0,816.0,385.0,0.616421568627451,Moderate,0.9905145639217662,Asset Light,33.39115351257589,+,-,-,Reinvestor,False,False,False,False,False,85,Strong
TITAN,Titan Company Ltd,Mar 2016,2016,576.0,-159.0,-505.0,-88.0,11276.0,939.0,675.0,417.0,0.8533333333333334,Moderate,1.4100744945015964,Asset Light,44.40894568690096,+,-,-,Reinvestor,False,False,False,False,False,85,Strong
TITAN,Titan Company Ltd,Mar 2017,2017,1712.0,-953.0,-166.0,594.0,13261.0,1164.0,697.0,759.0,2.456241032998565,High Quality,7.186486690294849,Moderate,65.20618556701031,+,-,-,Shareholder Returns,False,False,False,False,False,95,Strong
TITAN,Titan Company Ltd,Mar 2018,2018,-51.0,98.0,-252.0,-206.0,16120.0,1644.0,1102.0,47.0,-0.04627949183303085,Accrual Risk,0.607940446650124,Asset Light,2.8588807785888077,-,+,-,Other,False,True,False,False,True,45,Watch
TITAN,Titan Company Ltd,Mar 2019,2019,1243.0,-797.0,-489.0,-43.0,19779.0,1994.0,1389.0,446.0,0.8948884089272858,Moderate,4.029526265230801,Moderate,22.367101303911735,+,-,-,Reinvestor,False,False,False,False,False,85,Strong
TITAN,Titan Company Ltd,Mar 2020,2020,-348.0,235.0,-242.0,-355.0,21052.0,2463.0,1493.0,-113.0,-0.23308774279973207,Accrual Risk,1.116283488504655,Asset Light,-4.587900933820544,-,+,-,Other,False,True,False,False,True,15,Distress
TITAN,Titan Company Ltd,Mar 2021,2021,4139.0,-2799.0,-1234.0,106.0,21644.0,1725.0,974.0,1340.0,4.249486652977413,High Quality,12.931990389946405,Capital Intensive,77.68115942028986,+,-,-,Shareholder Returns,False,False,False,False,False,95,Strong
TITAN,Titan Company Ltd,Mar 2022,2022,-724.0,1165.0,-403.0,38.0,28799.0,3344.0,2198.0,441.0,-0.3293903548680619,Accrual Risk,4.04527934997743,Moderate,13.187799043062201,-,+,-,Other,False,True,False,False,True,45,Watch
TITAN,Titan Company Ltd,Mar 2023,2023,1370.0,-1814.0,457.0,13.0,40575.0,4882.0,3274.0,-444.0,0.4184483811850947,Accrual Risk,4.470733210104744,Moderate,-9.094633346988939,+,-,+,Mixed,False,False,False,False,False,15,Distress
TITAN,Titan Company Ltd,Mar 2024,2024,1695.0,-189.0,-1329.0,177.0,51084.0,5292.0,3496.0,1506.0,0.4848398169336384,Accrual Risk,0.36997885835095135,Asset Light,28.458049886621318,+,-,-,Reinvestor,False,False,False,False,False,55,Watch
TORNTPHARM,Torrent Pharmaceuticals Ltd,Mar 2013,2013,153.0,-247.0,20.0,-73.0,3203.0,697.0,435.0,-94.0,0.35172413793103446,Accrual Risk,7.7115204495785195,Moderate,-13.486370157819225,+,-,+,Mixed,False,False,False,False,False,15,Distress
TORNTPHARM,Torrent Pharmaceuticals Ltd,Mar 2014,2014,599.0,-418.0,86.0,268.0,4172.0,955.0,664.0,181.0,0.9021084337349398,Moderate,10.019175455417066,Capital Intensive,18.952879581151834,+,-,+,Mixed,False,False,False,False,False,75,Healthy
TORNTPHARM,Torrent Pharmaceuticals Ltd,Mar 2015,2015,810.0,-2113.0,1212.0,-90.0,4636.0,1020.0,751.0,-1303.0,1.0785619174434087,High Quality,45.57808455565142,Capital Intensive,-127.74509803921568,+,-,+,Mixed,False,False,False,False,False,55,Watch
TORNTPHARM,Torrent Pharmaceuticals Ltd,Mar 2016,2016,2742.0,-869.0,-1435.0,437.0,6687.0,2733.0,1733.0,1873.0,1.5822273514137335,High Quality,12.995364139374907,Capital Intensive,68.53274789608489,+,-,-,Shareholder Returns,False,False,False,False,False,95,Strong
TORNTPHARM,Torrent Pharmaceuticals Ltd,Mar 2017,2017,1009.0,-798.0,-193.0,18.0,5816.0,1377.0,934.0,211.0,1.0802997858672376,High Quality,13.720770288858322,Capital Intensive,15.32316630355846,+,-,-,Shareholder Returns,False,False,False,False,False,95,Strong
TORNTPHARM,Torrent Pharmaceuticals Ltd,Mar 2018,2018,894.0,-4677.0,3417.0,-366.0,5950.0,1349.0,678.0,-3783.0,1.3185840707964602,High Quality,78.60504201680672,Capital Intensive,-280.4299481097109,+,-,+,Mixed,False,False,False,False,False,55,Watch
TORNTPHARM,Torrent Pharmaceuticals Ltd,Mar 2019,2019,1798.0,-246.0,-1314.0,238.0,7673.0,1983.0,436.0,1552.0,4.123853211009174,High Quality,3.2060471784178284,Moderate,78.26525466464952,+,-,-,Shareholder Returns,False,False,False,False,False,95,Strong
TORNTPHARM,Torrent Pharmaceuticals Ltd,Mar 2020,2020,1393.0,229.0,-1549.0,73.0,7939.0,2170.0,1025.0,1622.0,1.3590243902439025,High Quality,2.884494268799597,Asset Light,74.74654377880185,+,+,-,Liquidating Assets,False,False,False,False,False,85,Strong
TORNTPHARM,Torrent Pharmaceuticals Ltd,Mar 2021,2021,2005.0,-444.0,-1651.0,-89.0,8005.0,2480.0,1252.0,1561.0,1.601437699680511,High Quality,5.546533416614616,Moderate,62.94354838709677,+,-,-,Shareholder Returns,False,False,False,False,False,95,Strong
TORNTPHARM,Torrent Pharmaceuticals Ltd,Mar 2022,2022,1803.0,-196.0,-1781.0,-174.0,8508.0,2431.0,777.0,1607.0,2.3204633204633205,High Quality,2.30371415138693,Asset Light,66.10448375154257,+,-,-,Shareholder Returns,False,False,False,False,False,95,Strong
TORNTPHARM,Torrent Pharmaceuticals Ltd,Mar 2023,2023,2368.0,-2335.0,77.0,110.0,9620.0,2842.0,1245.0,33.0,1.902008032128514,High Quality,24.272349272349274,Capital Intensive,1.1611541168191415,+,-,+,Mixed,False,False,False,False,False,85,Strong
TORNTPHARM,Torrent Pharmaceuticals Ltd,Mar 2024,2024,3266.0,-160.0,-2780.0,327.0,10728.0,3368.0,1656.0,3106.0,1.9722222222222223,High Quality,1.4914243102162565,Asset Light,92.2209026128266,+,-,-,Shareholder Returns,False,False,False,False,False,95,Strong
TRENT,Trent Ltd,Mar 2013,2013,31.0,-276.0,147.0,-97.0,2132.0,5.0,-27.0,-245.0,-1.1481481481481481,Accrual Risk,12.94559099437148,Capital Intensive,-4900.0,+,-,+,Mixed,False,False,False,False,False,15,Distress
TRENT,Trent Ltd,Mar 2014,2014,-46.0,-48.0,-50.0,-145.0,2333.0,-10.0,-19.0,-94.0,2.4210526315789473,High Quality,2.0574367766823833,Asset Light,940.0,-,-,-,Pre-Revenue,False,True,False,True,True,40,Watch
TRENT,Trent Ltd,Mar 2015,2015,-10.0,-306.0,310.0,-6.0,2284.0,88.0,129.0,-316.0,-0.07751937984496124,Accrual Risk,13.39754816112084,Capital Intensive,-359.09090909090907,-,-,+,Growth Funded by Debt,True,True,True,True,True,0,Distress
TRENT,Trent Ltd,Mar 2016,2016,109.0,-98.0,-13.0,-2.0,1686.0,90.0,55.0,11.0,1.981818181818182,High Quality,5.812574139976276,Moderate,12.222222222222221,+,-,-,Shareholder Returns,False,False,False,False,False,95,Strong
TRENT,Trent Ltd,Mar 2017,2017,102.0,-44.0,-51.0,7.0,1812.0,134.0,85.0,58.0,1.2,High Quality,2.4282560706401766,Asset Light,43.28358208955223,+,-,-,Shareholder Returns,False,False,False,False,False,95,Strong
TRENT,Trent Ltd,Mar 2018,2018,77.0,-4.0,-74.0,-1.0,2157.0,208.0,87.0,73.0,0.8850574712643678,Moderate,0.18544274455261936,Asset Light,35.09615384615385,+,-,-,Reinvestor,False,False,False,False,False,85,Strong
TRENT,Trent Ltd,Mar 2019,2019,21.0,-37.0,37.0,21.0,2630.0,241.0,95.0,-16.0,0.22105263157894736,Accrual Risk,1.4068441064638784,Asset Light,-6.639004149377594,+,-,+,Mixed,False,False,False,False,False,15,Distress
TRENT,Trent Ltd,Mar 2020,2020,361.0,-809.0,452.0,5.0,3486.0,529.0,106.0,-448.0,3.4056603773584904,High Quality,23.207114170969593,Capital Intensive,-84.68809073724007,+,-,+,Mixed,False,False,False,False,False,55,Watch
TRENT,Trent Ltd,Mar 2021,2021,285.0,18.0,-283.0,20.0,2593.0,114.0,-181.0,303.0,-1.574585635359116,Accrual Risk,0.6941766293868107,Asset Light,265.7894736842105,+,+,-,Liquidating Assets,False,False,False,False,False,45,Watch
TRENT,Trent Ltd,Mar 2022,2022,58.0,56.0,-108.0,6.0,4498.0,595.0,35.0,114.0,1.6571428571428573,High Quality,1.2449977767896843,Asset Light,19.15966386554622,+,+,-,Liquidating Assets,False,False,False,False,False,85,Strong
TRENT,Trent Ltd,Mar 2023,2023,595.0,-103.0,-491.0,1.0,8242.0,1114.0,394.0,492.0,1.5101522842639594,High Quality,1.2496966755641834,Asset Light,44.165170556552965,+,-,-,Shareholder Returns,False,False,False,False,False,95,Strong
TRENT,Trent Ltd,Mar 2024,2024,1349.0,-508.0,-629.0,211.0,12375.0,1971.0,1477.0,841.0,0.913337846987136,Moderate,4.105050505050505,Moderate,42.668696093353624,+,-,-,Reinvestor,False,False,False,False,False,85,Strong
TVSMOTOR,TVS Motor Company Ltd,Mar 2013,2013,464.0,-120.0,-402.0,-58.0,7510.0,438.0,198.0,344.0,2.3434343434343434,High Quality,1.5978695073235687,Asset Light,78.53881278538812,+,-,-,Shareholder Returns,False,False,False,False,False,95,Strong
TVSMOTOR,TVS Motor Company Ltd,Mar 2014,2014,470.0,-235.0,-216.0,19.0,8384.0,492.0,187.0,235.0,2.513368983957219,High Quality,2.8029580152671754,Asset Light,47.764227642276424,+,-,-,Shareholder Returns,False,False,False,False,False,95,Strong
TVSMOTOR,TVS Motor Company Ltd,Mar 2015,2015,83.0,-415.0,261.0,-71.0,10256.0,605.0,328.0,-332.0,0.2530487804878049,Accrual Risk,4.046411856474259,Moderate,-54.87603305785124,+,-,+,Mixed,False,False,False,False,False,15,Distress
TVSMOTOR,TVS Motor Company Ltd,Mar 2016,2016,936.0,-605.0,-319.0,12.0,11377.0,819.0,429.0,331.0,2.1818181818181817,High Quality,5.317746330315549,Moderate,40.415140415140414,+,-,-,Shareholder Returns,False,False,False,False,False,95,Strong
TVSMOTOR,TVS Motor Company Ltd,Mar 2017,2017,689.0,-709.0,-59.0,-79.0,12463.0,871.0,509.0,-20.0,1.3536345776031433,High Quality,5.688838963331461,Moderate,-2.2962112514351323,+,-,-,Shareholder Returns,False,False,False,False,False,65,Healthy
TVSMOTOR,TVS Motor Company Ltd,Mar 2018,2018,354.0,-1095.0,897.0,156.0,16340.0,1571.0,665.0,-741.0,0.5323308270676692,Moderate,6.7013463892288865,Moderate,-47.16740929344367,+,-,+,Mixed,False,False,False,False,False,45,Watch
TVSMOTOR,TVS Motor Company Ltd,Mar 2019,2019,-918.0,-1104.0,2210.0,188.0,20160.0,2163.0,725.0,-2022.0,-1.2662068965517241,Accrual Risk,5.476190476190476,Moderate,-93.48127600554785,-,-,+,Growth Funded by Debt,True,True,True,True,True,0,Distress
TVSMOTOR,TVS Motor Company Ltd,Mar 2020,2020,373.0,-1090.0,1619.0,902.0,18849.0,2264.0,647.0,-717.0,0.5765069551777434,Moderate,5.782800148548994,Moderate,-31.669611307420492,+,-,+,Mixed,True,False,False,False,True,25,Distress
TVSMOTOR,TVS Motor Company Ltd,Mar 2021,2021,1151.0,-882.0,264.0,532.0,19421.0,2232.0,608.0,269.0,1.893092105263158,High Quality,4.541475722156429,Moderate,12.051971326164875,+,-,+,Mixed,False,False,False,False,False,85,Strong
TVSMOTOR,TVS Motor Company Ltd,Mar 2022,2022,-1575.0,-1471.0,2918.0,532.0,24355.0,2755.0,731.0,-3046.0,-2.1545827633378933,Accrual Risk,6.039827550810921,Moderate,-110.56261343012703,-,-,+,Growth Funded by Debt,False,True,True,True,True,0,Distress
TVSMOTOR,TVS Motor Company Ltd,Mar 2023,2023,-4405.0,-1308.0,6118.0,406.0,31974.0,4027.0,1309.0,-5713.0,-3.3651642475171886,Accrual Risk,4.090823794332896,Moderate,-141.86739508318848,-,-,+,Growth Funded by Debt,False,True,True,True,True,0,Distress
TVSMOTOR,TVS Motor Company Ltd,Mar 2024,2024,-1253.0,-1001.0,2759.0,505.0,39145.0,5500.0,1779.0,-2254.0,-0.7043282743114109,Accrual Risk,2.557159279601482,Asset Light,-40.98181818181818,-,-,+,Growth Funded by Debt,True,True,True,True,True,0,Distress
